--
-- PostgreSQL database dump
--

-- Dumped from database version 16.2
-- Dumped by pg_dump version 16.2

SET statement_timeout = 0;
SET lock_timeout = 0;
SET idle_in_transaction_session_timeout = 0;
SET client_encoding = 'UTF8';
SET standard_conforming_strings = on;
SELECT pg_catalog.set_config('search_path', '', false);
SET check_function_bodies = false;
SET xmloption = content;
SET client_min_messages = warning;
SET row_security = off;

SET default_tablespace = '';

SET default_table_access_method = heap;

--
-- Name: app_z2hadvertisements; Type: TABLE; Schema: public; Owner: z2huser
--

CREATE TABLE public.app_z2hadvertisements (
    id bigint NOT NULL,
    created timestamp with time zone NOT NULL,
    modified timestamp with time zone NOT NULL,
    is_active boolean NOT NULL,
    uid uuid NOT NULL,
    name character varying(64),
    description text,
    data jsonb NOT NULL
);


ALTER TABLE public.app_z2hadvertisements OWNER TO z2huser;

--
-- Name: app_z2hadvertisements_id_seq; Type: SEQUENCE; Schema: public; Owner: z2huser
--

ALTER TABLE public.app_z2hadvertisements ALTER COLUMN id ADD GENERATED BY DEFAULT AS IDENTITY (
    SEQUENCE NAME public.app_z2hadvertisements_id_seq
    START WITH 1
    INCREMENT BY 1
    NO MINVALUE
    NO MAXVALUE
    CACHE 1
);


--
-- Name: app_z2horderitems; Type: TABLE; Schema: public; Owner: z2huser
--

CREATE TABLE public.app_z2horderitems (
    id bigint NOT NULL,
    created timestamp with time zone NOT NULL,
    modified timestamp with time zone NOT NULL,
    is_active boolean NOT NULL,
    uid uuid NOT NULL,
    hsn_code character varying(64),
    quantity integer,
    price numeric(13,2),
    cgst_percentage numeric(13,2),
    cgst_amount numeric(13,2),
    sgst_percentage numeric(13,2),
    sgst_amount numeric(13,2),
    igst_percentage numeric(13,2),
    igst_amount numeric(13,2),
    gst_total_amount numeric(13,2),
    total_amount numeric(13,2),
    order_id bigint,
    product_id bigint,
    order_item_number character varying(64)
);


ALTER TABLE public.app_z2horderitems OWNER TO z2huser;

--
-- Name: app_z2horderitems_id_seq; Type: SEQUENCE; Schema: public; Owner: z2huser
--

ALTER TABLE public.app_z2horderitems ALTER COLUMN id ADD GENERATED BY DEFAULT AS IDENTITY (
    SEQUENCE NAME public.app_z2horderitems_id_seq
    START WITH 1
    INCREMENT BY 1
    NO MINVALUE
    NO MAXVALUE
    CACHE 1
);


--
-- Name: app_z2horders; Type: TABLE; Schema: public; Owner: z2huser
--

CREATE TABLE public.app_z2horders (
    id bigint NOT NULL,
    created timestamp with time zone NOT NULL,
    modified timestamp with time zone NOT NULL,
    is_active boolean NOT NULL,
    uid uuid NOT NULL,
    order_date timestamp with time zone,
    order_cgst_amount numeric(13,2),
    order_sgst_amount numeric(13,2),
    order_igst_amount numeric(13,2),
    order_gst_total_amount numeric(13,2),
    order_total_amount numeric(13,2),
    order_status character varying(64),
    order_type character varying(64),
    delivery_date timestamp with time zone,
    delivery_details jsonb,
    payment_details jsonb,
    ordered_by_id bigint,
    courier_date timestamp with time zone,
    customer_id bigint,
    order_number character varying(64),
    total_product_price numeric(13,2)
);


ALTER TABLE public.app_z2horders OWNER TO z2huser;

--
-- Name: app_z2horders_id_seq; Type: SEQUENCE; Schema: public; Owner: z2huser
--

ALTER TABLE public.app_z2horders ALTER COLUMN id ADD GENERATED BY DEFAULT AS IDENTITY (
    SEQUENCE NAME public.app_z2horders_id_seq
    START WITH 1
    INCREMENT BY 1
    NO MINVALUE
    NO MAXVALUE
    CACHE 1
);


--
-- Name: app_z2hplandetails; Type: TABLE; Schema: public; Owner: z2huser
--

CREATE TABLE public.app_z2hplandetails (
    id bigint NOT NULL,
    created timestamp with time zone NOT NULL,
    modified timestamp with time zone NOT NULL,
    is_active boolean NOT NULL,
    uid uuid NOT NULL,
    name character varying(64),
    level_one_amount numeric(13,2),
    level_two_amount numeric(13,2),
    level_three_amount numeric(13,2),
    level_four_amount numeric(13,2),
    registration_fee numeric(13,2),
    is_level_four_flat boolean NOT NULL,
    is_level_four_percentage boolean NOT NULL,
    level_four_percentage_value numeric(13,2),
    is_level_one_flat boolean NOT NULL,
    is_level_one_percentage boolean NOT NULL,
    is_level_three_flat boolean NOT NULL,
    is_level_three_percentage boolean NOT NULL,
    is_level_two_flat boolean NOT NULL,
    is_level_two_percentage boolean NOT NULL,
    level_one_percentage_value numeric(13,2),
    level_three_percentage_value numeric(13,2),
    level_two_percentage_value numeric(13,2),
    level_four_flat_value numeric(13,2),
    level_one_flat_value numeric(13,2),
    level_three_flat_value numeric(13,2),
    level_two_flat_value numeric(13,2)
);


ALTER TABLE public.app_z2hplandetails OWNER TO z2huser;

--
-- Name: app_z2hplandetails_id_seq; Type: SEQUENCE; Schema: public; Owner: z2huser
--

ALTER TABLE public.app_z2hplandetails ALTER COLUMN id ADD GENERATED BY DEFAULT AS IDENTITY (
    SEQUENCE NAME public.app_z2hplandetails_id_seq
    START WITH 1
    INCREMENT BY 1
    NO MINVALUE
    NO MAXVALUE
    CACHE 1
);


--
-- Name: app_z2hproductcategories; Type: TABLE; Schema: public; Owner: z2huser
--

CREATE TABLE public.app_z2hproductcategories (
    id bigint NOT NULL,
    created timestamp with time zone NOT NULL,
    modified timestamp with time zone NOT NULL,
    is_active boolean NOT NULL,
    uid uuid NOT NULL,
    name character varying(64),
    description text,
    category_code character varying(64)
);


ALTER TABLE public.app_z2hproductcategories OWNER TO z2huser;

--
-- Name: app_z2hproductcategories_id_seq; Type: SEQUENCE; Schema: public; Owner: z2huser
--

ALTER TABLE public.app_z2hproductcategories ALTER COLUMN id ADD GENERATED BY DEFAULT AS IDENTITY (
    SEQUENCE NAME public.app_z2hproductcategories_id_seq
    START WITH 1
    INCREMENT BY 1
    NO MINVALUE
    NO MAXVALUE
    CACHE 1
);


--
-- Name: app_z2hproductimages; Type: TABLE; Schema: public; Owner: z2huser
--

CREATE TABLE public.app_z2hproductimages (
    id bigint NOT NULL,
    created timestamp with time zone NOT NULL,
    modified timestamp with time zone NOT NULL,
    is_active boolean NOT NULL,
    uid uuid NOT NULL,
    product_image_url character varying(256),
    product_id bigint
);


ALTER TABLE public.app_z2hproductimages OWNER TO z2huser;

--
-- Name: app_z2hproductimages_id_seq; Type: SEQUENCE; Schema: public; Owner: z2huser
--

ALTER TABLE public.app_z2hproductimages ALTER COLUMN id ADD GENERATED BY DEFAULT AS IDENTITY (
    SEQUENCE NAME public.app_z2hproductimages_id_seq
    START WITH 1
    INCREMENT BY 1
    NO MINVALUE
    NO MAXVALUE
    CACHE 1
);


--
-- Name: app_z2hproducts; Type: TABLE; Schema: public; Owner: z2huser
--

CREATE TABLE public.app_z2hproducts (
    id bigint NOT NULL,
    created timestamp with time zone NOT NULL,
    modified timestamp with time zone NOT NULL,
    is_active boolean NOT NULL,
    uid uuid NOT NULL,
    name character varying(64),
    description text,
    price numeric(13,2),
    discount numeric(13,2),
    discount_type character varying(64),
    discount_start_date timestamp with time zone,
    discount_end_date timestamp with time zone,
    offer_price numeric(13,2),
    sub_category_id bigint,
    hsn_code character varying(64),
    plan_id bigint
);


ALTER TABLE public.app_z2hproducts OWNER TO z2huser;

--
-- Name: app_z2hproducts_id_seq; Type: SEQUENCE; Schema: public; Owner: z2huser
--

ALTER TABLE public.app_z2hproducts ALTER COLUMN id ADD GENERATED BY DEFAULT AS IDENTITY (
    SEQUENCE NAME public.app_z2hproducts_id_seq
    START WITH 1
    INCREMENT BY 1
    NO MINVALUE
    NO MAXVALUE
    CACHE 1
);


--
-- Name: app_z2hproductsubcategories; Type: TABLE; Schema: public; Owner: z2huser
--

CREATE TABLE public.app_z2hproductsubcategories (
    id bigint NOT NULL,
    created timestamp with time zone NOT NULL,
    modified timestamp with time zone NOT NULL,
    is_active boolean NOT NULL,
    uid uuid NOT NULL,
    name character varying(64),
    description text,
    category_id bigint,
    sub_category_code character varying(64)
);


ALTER TABLE public.app_z2hproductsubcategories OWNER TO z2huser;

--
-- Name: app_z2hproductsubcategories_id_seq; Type: SEQUENCE; Schema: public; Owner: z2huser
--

ALTER TABLE public.app_z2hproductsubcategories ALTER COLUMN id ADD GENERATED BY DEFAULT AS IDENTITY (
    SEQUENCE NAME public.app_z2hproductsubcategories_id_seq
    START WITH 1
    INCREMENT BY 1
    NO MINVALUE
    NO MAXVALUE
    CACHE 1
);


--
-- Name: app_z2hwebpageroles; Type: TABLE; Schema: public; Owner: z2huser
--

CREATE TABLE public.app_z2hwebpageroles (
    id bigint NOT NULL,
    created timestamp with time zone NOT NULL,
    modified timestamp with time zone NOT NULL,
    is_active boolean NOT NULL,
    uid uuid NOT NULL,
    role_uid character varying(64) NOT NULL,
    web_page_uid character varying(64) NOT NULL
);


ALTER TABLE public.app_z2hwebpageroles OWNER TO z2huser;

--
-- Name: app_z2hwebpageroles_id_seq; Type: SEQUENCE; Schema: public; Owner: z2huser
--

ALTER TABLE public.app_z2hwebpageroles ALTER COLUMN id ADD GENERATED BY DEFAULT AS IDENTITY (
    SEQUENCE NAME public.app_z2hwebpageroles_id_seq
    START WITH 1
    INCREMENT BY 1
    NO MINVALUE
    NO MAXVALUE
    CACHE 1
);


--
-- Name: app_z2hwebpages; Type: TABLE; Schema: public; Owner: z2huser
--

CREATE TABLE public.app_z2hwebpages (
    id bigint NOT NULL,
    created timestamp with time zone NOT NULL,
    modified timestamp with time zone NOT NULL,
    is_active boolean NOT NULL,
    uid uuid NOT NULL,
    name character varying(64) NOT NULL,
    description text
);


ALTER TABLE public.app_z2hwebpages OWNER TO z2huser;

--
-- Name: app_z2hwebpages_id_seq; Type: SEQUENCE; Schema: public; Owner: z2huser
--

ALTER TABLE public.app_z2hwebpages ALTER COLUMN id ADD GENERATED BY DEFAULT AS IDENTITY (
    SEQUENCE NAME public.app_z2hwebpages_id_seq
    START WITH 1
    INCREMENT BY 1
    NO MINVALUE
    NO MAXVALUE
    CACHE 1
);


--
-- Name: auth_group; Type: TABLE; Schema: public; Owner: z2huser
--

CREATE TABLE public.auth_group (
    id integer NOT NULL,
    name character varying(150) NOT NULL
);


ALTER TABLE public.auth_group OWNER TO z2huser;

--
-- Name: auth_group_id_seq; Type: SEQUENCE; Schema: public; Owner: z2huser
--

ALTER TABLE public.auth_group ALTER COLUMN id ADD GENERATED BY DEFAULT AS IDENTITY (
    SEQUENCE NAME public.auth_group_id_seq
    START WITH 1
    INCREMENT BY 1
    NO MINVALUE
    NO MAXVALUE
    CACHE 1
);


--
-- Name: auth_group_permissions; Type: TABLE; Schema: public; Owner: z2huser
--

CREATE TABLE public.auth_group_permissions (
    id bigint NOT NULL,
    group_id integer NOT NULL,
    permission_id integer NOT NULL
);


ALTER TABLE public.auth_group_permissions OWNER TO z2huser;

--
-- Name: auth_group_permissions_id_seq; Type: SEQUENCE; Schema: public; Owner: z2huser
--

ALTER TABLE public.auth_group_permissions ALTER COLUMN id ADD GENERATED BY DEFAULT AS IDENTITY (
    SEQUENCE NAME public.auth_group_permissions_id_seq
    START WITH 1
    INCREMENT BY 1
    NO MINVALUE
    NO MAXVALUE
    CACHE 1
);


--
-- Name: auth_permission; Type: TABLE; Schema: public; Owner: z2huser
--

CREATE TABLE public.auth_permission (
    id integer NOT NULL,
    name character varying(255) NOT NULL,
    content_type_id integer NOT NULL,
    codename character varying(100) NOT NULL
);


ALTER TABLE public.auth_permission OWNER TO z2huser;

--
-- Name: auth_permission_id_seq; Type: SEQUENCE; Schema: public; Owner: z2huser
--

ALTER TABLE public.auth_permission ALTER COLUMN id ADD GENERATED BY DEFAULT AS IDENTITY (
    SEQUENCE NAME public.auth_permission_id_seq
    START WITH 1
    INCREMENT BY 1
    NO MINVALUE
    NO MAXVALUE
    CACHE 1
);


--
-- Name: authtoken_token; Type: TABLE; Schema: public; Owner: z2huser
--

CREATE TABLE public.authtoken_token (
    key character varying(40) NOT NULL,
    created timestamp with time zone NOT NULL,
    user_id bigint NOT NULL
);


ALTER TABLE public.authtoken_token OWNER TO z2huser;

--
-- Name: django_admin_log; Type: TABLE; Schema: public; Owner: z2huser
--

CREATE TABLE public.django_admin_log (
    id integer NOT NULL,
    action_time timestamp with time zone NOT NULL,
    object_id text,
    object_repr character varying(200) NOT NULL,
    action_flag smallint NOT NULL,
    change_message text NOT NULL,
    content_type_id integer,
    user_id bigint NOT NULL,
    CONSTRAINT django_admin_log_action_flag_check CHECK ((action_flag >= 0))
);


ALTER TABLE public.django_admin_log OWNER TO z2huser;

--
-- Name: django_admin_log_id_seq; Type: SEQUENCE; Schema: public; Owner: z2huser
--

ALTER TABLE public.django_admin_log ALTER COLUMN id ADD GENERATED BY DEFAULT AS IDENTITY (
    SEQUENCE NAME public.django_admin_log_id_seq
    START WITH 1
    INCREMENT BY 1
    NO MINVALUE
    NO MAXVALUE
    CACHE 1
);


--
-- Name: django_content_type; Type: TABLE; Schema: public; Owner: z2huser
--

CREATE TABLE public.django_content_type (
    id integer NOT NULL,
    app_label character varying(100) NOT NULL,
    model character varying(100) NOT NULL
);


ALTER TABLE public.django_content_type OWNER TO z2huser;

--
-- Name: django_content_type_id_seq; Type: SEQUENCE; Schema: public; Owner: z2huser
--

ALTER TABLE public.django_content_type ALTER COLUMN id ADD GENERATED BY DEFAULT AS IDENTITY (
    SEQUENCE NAME public.django_content_type_id_seq
    START WITH 1
    INCREMENT BY 1
    NO MINVALUE
    NO MAXVALUE
    CACHE 1
);


--
-- Name: django_dramatiq_task; Type: TABLE; Schema: public; Owner: z2huser
--

CREATE TABLE public.django_dramatiq_task (
    id uuid NOT NULL,
    status character varying(8) NOT NULL,
    created_at timestamp with time zone NOT NULL,
    updated_at timestamp with time zone NOT NULL,
    message_data bytea NOT NULL,
    actor_name character varying(300),
    queue_name character varying(100)
);


ALTER TABLE public.django_dramatiq_task OWNER TO z2huser;

--
-- Name: django_migrations; Type: TABLE; Schema: public; Owner: z2huser
--

CREATE TABLE public.django_migrations (
    id bigint NOT NULL,
    app character varying(255) NOT NULL,
    name character varying(255) NOT NULL,
    applied timestamp with time zone NOT NULL
);


ALTER TABLE public.django_migrations OWNER TO z2huser;

--
-- Name: django_migrations_id_seq; Type: SEQUENCE; Schema: public; Owner: z2huser
--

ALTER TABLE public.django_migrations ALTER COLUMN id ADD GENERATED BY DEFAULT AS IDENTITY (
    SEQUENCE NAME public.django_migrations_id_seq
    START WITH 1
    INCREMENT BY 1
    NO MINVALUE
    NO MAXVALUE
    CACHE 1
);


--
-- Name: django_session; Type: TABLE; Schema: public; Owner: z2huser
--

CREATE TABLE public.django_session (
    session_key character varying(40) NOT NULL,
    session_data text NOT NULL,
    expire_date timestamp with time zone NOT NULL
);


ALTER TABLE public.django_session OWNER TO z2huser;

--
-- Name: user_registeruser; Type: TABLE; Schema: public; Owner: z2huser
--

CREATE TABLE public.user_registeruser (
    id bigint NOT NULL,
    created timestamp with time zone NOT NULL,
    modified timestamp with time zone NOT NULL,
    is_active boolean NOT NULL,
    uid uuid NOT NULL,
    name character varying(128) NOT NULL,
    nominee_name character varying(128) NOT NULL,
    date_of_birth date NOT NULL,
    marital_status character varying(64) NOT NULL,
    gender character varying(64) NOT NULL,
    aadhar_number character varying(12) NOT NULL,
    pan character varying(10),
    mobile_number character varying(64) NOT NULL,
    city character varying(128) NOT NULL,
    town character varying(128) NOT NULL,
    address text NOT NULL,
    pin_code character varying(6) NOT NULL,
    name_of_bank character varying(128) NOT NULL,
    name_as_in_bank character varying(256) NOT NULL,
    ifsc_code character varying(11) NOT NULL,
    bank_branch character varying(128) NOT NULL,
    account_number character varying(64) NOT NULL,
    profile_photo_path character varying(256),
    email_address character varying(256) NOT NULL,
    district_id bigint NOT NULL,
    referred_by_id bigint,
    role_id bigint NOT NULL,
    user_id bigint,
    alternate_mobile_number character varying(64),
    is_admin_user boolean NOT NULL
);


ALTER TABLE public.user_registeruser OWNER TO z2huser;

--
-- Name: user_registeruser_id_seq; Type: SEQUENCE; Schema: public; Owner: z2huser
--

ALTER TABLE public.user_registeruser ALTER COLUMN id ADD GENERATED BY DEFAULT AS IDENTITY (
    SEQUENCE NAME public.user_registeruser_id_seq
    START WITH 1
    INCREMENT BY 1
    NO MINVALUE
    NO MAXVALUE
    CACHE 1
);


--
-- Name: user_role; Type: TABLE; Schema: public; Owner: z2huser
--

CREATE TABLE public.user_role (
    id bigint NOT NULL,
    created timestamp with time zone NOT NULL,
    modified timestamp with time zone NOT NULL,
    is_active boolean NOT NULL,
    uid uuid NOT NULL,
    name character varying(64) NOT NULL,
    description text,
    login_mode character varying(64) NOT NULL
);


ALTER TABLE public.user_role OWNER TO z2huser;

--
-- Name: user_role_id_seq; Type: SEQUENCE; Schema: public; Owner: z2huser
--

ALTER TABLE public.user_role ALTER COLUMN id ADD GENERATED BY DEFAULT AS IDENTITY (
    SEQUENCE NAME public.user_role_id_seq
    START WITH 1
    INCREMENT BY 1
    NO MINVALUE
    NO MAXVALUE
    CACHE 1
);


--
-- Name: user_z2hcustomers; Type: TABLE; Schema: public; Owner: z2huser
--

CREATE TABLE public.user_z2hcustomers (
    id bigint NOT NULL,
    created timestamp with time zone NOT NULL,
    modified timestamp with time zone NOT NULL,
    is_active boolean NOT NULL,
    uid uuid NOT NULL,
    active_plan_uid character varying(64) NOT NULL,
    plan_start_date timestamp with time zone NOT NULL,
    plan_end_date timestamp with time zone,
    is_level_one_completed boolean NOT NULL,
    is_level_two_completed boolean NOT NULL,
    is_level_three_completed boolean NOT NULL,
    is_level_four_completed boolean NOT NULL,
    referrer_id bigint,
    user_id bigint NOT NULL,
    is_admin_user boolean NOT NULL,
    is_level_four_commission_paid boolean NOT NULL,
    is_level_one_commission_paid boolean NOT NULL,
    is_level_three_commission_paid boolean NOT NULL,
    is_level_two_commission_paid boolean NOT NULL,
    level_four_commission_details jsonb NOT NULL,
    level_four_completed_date timestamp with time zone,
    level_one_commission_details jsonb NOT NULL,
    level_one_completed_date timestamp with time zone,
    level_three_commission_details jsonb NOT NULL,
    level_three_completed_date timestamp with time zone,
    level_two_commission_details jsonb NOT NULL,
    level_two_completed_date timestamp with time zone,
    customer_number character varying(64) NOT NULL
);


ALTER TABLE public.user_z2hcustomers OWNER TO z2huser;

--
-- Name: user_z2hcustomers_id_seq; Type: SEQUENCE; Schema: public; Owner: z2huser
--

ALTER TABLE public.user_z2hcustomers ALTER COLUMN id ADD GENERATED BY DEFAULT AS IDENTITY (
    SEQUENCE NAME public.user_z2hcustomers_id_seq
    START WITH 1
    INCREMENT BY 1
    NO MINVALUE
    NO MAXVALUE
    CACHE 1
);


--
-- Name: user_z2huser; Type: TABLE; Schema: public; Owner: z2huser
--

CREATE TABLE public.user_z2huser (
    id bigint NOT NULL,
    password character varying(128) NOT NULL,
    last_login timestamp with time zone,
    created timestamp with time zone NOT NULL,
    modified timestamp with time zone NOT NULL,
    uid uuid NOT NULL,
    email character varying(255) NOT NULL,
    name character varying(255) NOT NULL,
    is_staff boolean NOT NULL,
    is_active boolean NOT NULL,
    is_superuser boolean NOT NULL,
    is_password_updated boolean NOT NULL,
    is_first_login boolean NOT NULL
);


ALTER TABLE public.user_z2huser OWNER TO z2huser;

--
-- Name: user_z2huser_groups; Type: TABLE; Schema: public; Owner: z2huser
--

CREATE TABLE public.user_z2huser_groups (
    id bigint NOT NULL,
    z2huser_id bigint NOT NULL,
    group_id integer NOT NULL
);


ALTER TABLE public.user_z2huser_groups OWNER TO z2huser;

--
-- Name: user_z2huser_groups_id_seq; Type: SEQUENCE; Schema: public; Owner: z2huser
--

ALTER TABLE public.user_z2huser_groups ALTER COLUMN id ADD GENERATED BY DEFAULT AS IDENTITY (
    SEQUENCE NAME public.user_z2huser_groups_id_seq
    START WITH 1
    INCREMENT BY 1
    NO MINVALUE
    NO MAXVALUE
    CACHE 1
);


--
-- Name: user_z2huser_id_seq; Type: SEQUENCE; Schema: public; Owner: z2huser
--

ALTER TABLE public.user_z2huser ALTER COLUMN id ADD GENERATED BY DEFAULT AS IDENTITY (
    SEQUENCE NAME public.user_z2huser_id_seq
    START WITH 1
    INCREMENT BY 1
    NO MINVALUE
    NO MAXVALUE
    CACHE 1
);


--
-- Name: user_z2huser_user_permissions; Type: TABLE; Schema: public; Owner: z2huser
--

CREATE TABLE public.user_z2huser_user_permissions (
    id bigint NOT NULL,
    z2huser_id bigint NOT NULL,
    permission_id integer NOT NULL
);


ALTER TABLE public.user_z2huser_user_permissions OWNER TO z2huser;

--
-- Name: user_z2huser_user_permissions_id_seq; Type: SEQUENCE; Schema: public; Owner: z2huser
--

ALTER TABLE public.user_z2huser_user_permissions ALTER COLUMN id ADD GENERATED BY DEFAULT AS IDENTITY (
    SEQUENCE NAME public.user_z2huser_user_permissions_id_seq
    START WITH 1
    INCREMENT BY 1
    NO MINVALUE
    NO MAXVALUE
    CACHE 1
);


--
-- Name: user_z2huserroles; Type: TABLE; Schema: public; Owner: z2huser
--

CREATE TABLE public.user_z2huserroles (
    id bigint NOT NULL,
    created timestamp with time zone NOT NULL,
    modified timestamp with time zone NOT NULL,
    is_active boolean NOT NULL,
    uid uuid NOT NULL,
    user_uid character varying(64) NOT NULL,
    role_uid character varying(64) NOT NULL
);


ALTER TABLE public.user_z2huserroles OWNER TO z2huser;

--
-- Name: user_z2huserroles_id_seq; Type: SEQUENCE; Schema: public; Owner: z2huser
--

ALTER TABLE public.user_z2huserroles ALTER COLUMN id ADD GENERATED BY DEFAULT AS IDENTITY (
    SEQUENCE NAME public.user_z2huserroles_id_seq
    START WITH 1
    INCREMENT BY 1
    NO MINVALUE
    NO MAXVALUE
    CACHE 1
);


--
-- Name: utils_district; Type: TABLE; Schema: public; Owner: z2huser
--

CREATE TABLE public.utils_district (
    id bigint NOT NULL,
    created timestamp with time zone NOT NULL,
    modified timestamp with time zone NOT NULL,
    is_active boolean NOT NULL,
    uid uuid NOT NULL,
    name character varying(64) NOT NULL,
    state_id bigint NOT NULL
);


ALTER TABLE public.utils_district OWNER TO z2huser;

--
-- Name: utils_district_id_seq; Type: SEQUENCE; Schema: public; Owner: z2huser
--

ALTER TABLE public.utils_district ALTER COLUMN id ADD GENERATED BY DEFAULT AS IDENTITY (
    SEQUENCE NAME public.utils_district_id_seq
    START WITH 1
    INCREMENT BY 1
    NO MINVALUE
    NO MAXVALUE
    CACHE 1
);


--
-- Name: utils_state; Type: TABLE; Schema: public; Owner: z2huser
--

CREATE TABLE public.utils_state (
    id bigint NOT NULL,
    created timestamp with time zone NOT NULL,
    modified timestamp with time zone NOT NULL,
    is_active boolean NOT NULL,
    uid uuid NOT NULL,
    name character varying(128) NOT NULL
);


ALTER TABLE public.utils_state OWNER TO z2huser;

--
-- Name: utils_state_id_seq; Type: SEQUENCE; Schema: public; Owner: z2huser
--

ALTER TABLE public.utils_state ALTER COLUMN id ADD GENERATED BY DEFAULT AS IDENTITY (
    SEQUENCE NAME public.utils_state_id_seq
    START WITH 1
    INCREMENT BY 1
    NO MINVALUE
    NO MAXVALUE
    CACHE 1
);


--
-- Name: utils_z2hsettings; Type: TABLE; Schema: public; Owner: z2huser
--

CREATE TABLE public.utils_z2hsettings (
    id bigint NOT NULL,
    created timestamp with time zone NOT NULL,
    modified timestamp with time zone NOT NULL,
    is_active boolean NOT NULL,
    uid uuid NOT NULL,
    name character varying(128) NOT NULL,
    description text NOT NULL,
    value character varying(128) NOT NULL
);


ALTER TABLE public.utils_z2hsettings OWNER TO z2huser;

--
-- Name: utils_z2hsettings_id_seq; Type: SEQUENCE; Schema: public; Owner: z2huser
--

ALTER TABLE public.utils_z2hsettings ALTER COLUMN id ADD GENERATED BY DEFAULT AS IDENTITY (
    SEQUENCE NAME public.utils_z2hsettings_id_seq
    START WITH 1
    INCREMENT BY 1
    NO MINVALUE
    NO MAXVALUE
    CACHE 1
);


--
-- Data for Name: app_z2hadvertisements; Type: TABLE DATA; Schema: public; Owner: z2huser
--

COPY public.app_z2hadvertisements (id, created, modified, is_active, uid, name, description, data) FROM stdin;
1	2024-04-21 18:26:29.987+05:30	2024-04-21 18:26:29.987+05:30	t	5e10393e-ee37-4215-8407-31d36f28e45a	demo_video	Demo Videos	{"demo_urls": ["http://localhost:8000/static/demo_video/big_buck_bunny_720p_1mb_2024_04_22_22_45_40_257877.mp4", "http://localhost:8000/static/demo_video/sample_video_2024_04_22_22_48_53_193808.mp4"]}
\.


--
-- Data for Name: app_z2horderitems; Type: TABLE DATA; Schema: public; Owner: z2huser
--

COPY public.app_z2horderitems (id, created, modified, is_active, uid, hsn_code, quantity, price, cgst_percentage, cgst_amount, sgst_percentage, sgst_amount, igst_percentage, igst_amount, gst_total_amount, total_amount, order_id, product_id, order_item_number) FROM stdin;
\.


--
-- Data for Name: app_z2horders; Type: TABLE DATA; Schema: public; Owner: z2huser
--

COPY public.app_z2horders (id, created, modified, is_active, uid, order_date, order_cgst_amount, order_sgst_amount, order_igst_amount, order_gst_total_amount, order_total_amount, order_status, order_type, delivery_date, delivery_details, payment_details, ordered_by_id, courier_date, customer_id, order_number, total_product_price) FROM stdin;
\.


--
-- Data for Name: app_z2hplandetails; Type: TABLE DATA; Schema: public; Owner: z2huser
--

COPY public.app_z2hplandetails (id, created, modified, is_active, uid, name, level_one_amount, level_two_amount, level_three_amount, level_four_amount, registration_fee, is_level_four_flat, is_level_four_percentage, level_four_percentage_value, is_level_one_flat, is_level_one_percentage, is_level_three_flat, is_level_three_percentage, is_level_two_flat, is_level_two_percentage, level_one_percentage_value, level_three_percentage_value, level_two_percentage_value, level_four_flat_value, level_one_flat_value, level_three_flat_value, level_two_flat_value) FROM stdin;
1	2024-03-14 21:53:56.178+05:30	2024-05-19 21:34:51.624105+05:30	t	de6c5441-ce67-4d41-bdf8-a19261d2647f	Silver	10.00	40.00	30.00	30.60	200.00	f	t	15.30	t	f	t	f	f	t	0.00	0.00	20.00	0.00	10.00	30.00	0.00
4	2024-03-14 21:53:56.178+05:30	2024-05-12 22:04:19.705272+05:30	t	a65d8a3f-53e2-4e40-a079-669fe07ea766	Emerald	0.00	0.00	0.00	0.00	700.00	t	f	0.00	t	f	t	f	t	f	0.00	0.00	0.00	0.00	0.00	0.00	0.00
5	2024-03-14 21:53:56.178+05:30	2024-05-03 08:28:13.507827+05:30	t	0006a029-7277-4cec-8c04-2fc39ba4a1da	Diamond	0.00	0.00	0.00	0.00	500.00	t	f	0.00	t	f	t	f	t	f	0.00	0.00	0.00	0.00	0.00	0.00	0.00
2	2024-03-14 21:53:56.178+05:30	2024-05-19 21:41:42.774039+05:30	t	17c4480d-6816-4dd8-9313-2ab1a9327a48	Gold	20.00	70.00	59.00	400.00	500.00	f	t	80.00	t	f	t	f	f	t	0.00	0.00	14.00	0.00	20.00	59.00	0.00
3	2024-03-14 21:53:56.178+05:30	2024-05-19 23:11:40.713051+05:30	t	b3916c8e-b0ec-4dc0-a32e-1856545c6f7e	Platinum	20.00	80.00	160.00	200.00	400.00	t	f	0.00	t	f	f	t	f	t	0.00	40.00	20.00	200.00	20.00	0.00	0.00
\.


--
-- Data for Name: app_z2hproductcategories; Type: TABLE DATA; Schema: public; Owner: z2huser
--

COPY public.app_z2hproductcategories (id, created, modified, is_active, uid, name, description, category_code) FROM stdin;
8	2024-06-02 02:17:22.557228+05:30	2024-06-02 02:17:22.557228+05:30	t	0b12113b-4e37-4b48-ae00-64d08e283ec5	Medicine	Medicinal Product for Senior Citizens	PRODCATZTH3
9	2024-06-02 02:18:16.569924+05:30	2024-06-02 02:18:16.569924+05:30	t	31d15a7f-d51f-4fa5-87e6-500281073c98	Electonics	Electronic Products for People	PRODCATZTH4
\.


--
-- Data for Name: app_z2hproductimages; Type: TABLE DATA; Schema: public; Owner: z2huser
--

COPY public.app_z2hproductimages (id, created, modified, is_active, uid, product_image_url, product_id) FROM stdin;
\.


--
-- Data for Name: app_z2hproducts; Type: TABLE DATA; Schema: public; Owner: z2huser
--

COPY public.app_z2hproducts (id, created, modified, is_active, uid, name, description, price, discount, discount_type, discount_start_date, discount_end_date, offer_price, sub_category_id, hsn_code, plan_id) FROM stdin;
\.


--
-- Data for Name: app_z2hproductsubcategories; Type: TABLE DATA; Schema: public; Owner: z2huser
--

COPY public.app_z2hproductsubcategories (id, created, modified, is_active, uid, name, description, category_id, sub_category_code) FROM stdin;
3	2024-06-02 12:08:04.403677+05:30	2024-06-02 12:08:04.403677+05:30	t	44297bbb-b455-493b-b35a-47a4d4bc8a39	Sugar Control Products	Sugar Control Powder for Elder citizens	8	PRODSUBCATZTH2
4	2024-06-02 12:10:10.632449+05:30	2024-06-02 12:10:10.632449+05:30	t	66f7e8da-19fc-4ab6-afce-5c230d72f72c	Home Gadgets	Home Gadgets for daily use	9	PRODSUBCATZTH3
5	2024-06-04 07:08:55.476663+05:30	2024-06-04 07:08:55.476663+05:30	t	52caa3d5-eaa0-46a1-aed9-9c5465e7334c	BP Control Products	BP Control Products for elderly citizens	8	PRODSUBCATZTH4
6	2024-06-04 07:09:55.110254+05:30	2024-06-04 07:09:55.110254+05:30	t	1c130f0d-42c3-40d7-9f43-0a09bfd3b2f1	Circuit Boards for Design	PCB Board design products	9	PRODSUBCATZTH5
\.


--
-- Data for Name: app_z2hwebpageroles; Type: TABLE DATA; Schema: public; Owner: z2huser
--

COPY public.app_z2hwebpageroles (id, created, modified, is_active, uid, role_uid, web_page_uid) FROM stdin;
42	2024-05-03 22:50:03.213852+05:30	2024-05-04 21:29:25.051322+05:30	f	7fa4bca6-6f07-4d83-9385-4a9031bffc5e	f677a99c-d8a4-4708-b021-e2c6435418a2	f988773b-8774-4520-ae80-66b45aa82f64
41	2024-05-01 20:12:49.801691+05:30	2024-05-04 21:29:25.064646+05:30	t	af91a360-41a6-4008-a4c7-d703a3bc7bbb	f677a99c-d8a4-4708-b021-e2c6435418a2	a4dbdd28-855b-4640-a408-c8d09c4bb4f8
40	2024-05-01 20:12:40.458222+05:30	2024-05-04 21:31:27.928157+05:30	t	9cb5315c-1c3d-405a-9a2e-bb6263fb09df	c7e456dc-2aa5-4607-8e2c-690b6368f51d	4af12c97-9a26-4564-96b7-8a13bf132fc6
39	2024-05-01 20:12:26.434048+05:30	2024-05-04 21:31:27.936357+05:30	t	d7e9c1c1-fcf7-47fb-8cc0-29960ca7e147	c7e456dc-2aa5-4607-8e2c-690b6368f51d	cfd735d1-ba23-4379-ace7-c00d50c7590a
43	2024-05-04 21:31:27.939165+05:30	2024-05-04 21:31:28.016053+05:30	t	7d52e726-9443-49fc-b976-5bac83c06051	c7e456dc-2aa5-4607-8e2c-690b6368f51d	f988773b-8774-4520-ae80-66b45aa82f64
34	2024-05-01 19:01:21.389657+05:30	2024-05-26 16:01:54.04067+05:30	t	298e41d6-bf9c-4d4c-a5bf-988f0ce20da6	f710797f-9967-48f8-8773-da5ace25ca25	549e1760-7b85-4d3b-8aab-b0809771691c
31	2024-05-01 19:01:05.1527+05:30	2024-05-26 16:01:54.042905+05:30	t	cd477b6a-1002-43cb-8fd6-a45f0786ca1d	f710797f-9967-48f8-8773-da5ace25ca25	4af12c97-9a26-4564-96b7-8a13bf132fc6
32	2024-05-01 19:01:05.202372+05:30	2024-05-26 16:01:54.042905+05:30	t	2d3a3566-2e07-4ea4-b985-9f57b954b767	f710797f-9967-48f8-8773-da5ace25ca25	cfd735d1-ba23-4379-ace7-c00d50c7590a
37	2024-05-01 20:12:21.632281+05:30	2024-05-04 21:29:25.009581+05:30	t	1877a704-233b-4290-b76f-ea983d50a450	f677a99c-d8a4-4708-b021-e2c6435418a2	4af12c97-9a26-4564-96b7-8a13bf132fc6
38	2024-05-01 20:12:21.742132+05:30	2024-05-04 21:29:25.042106+05:30	t	e1507ebd-af95-498d-8c2f-7e7dff476210	f677a99c-d8a4-4708-b021-e2c6435418a2	cfd735d1-ba23-4379-ace7-c00d50c7590a
33	2024-05-01 19:01:12.330902+05:30	2024-05-26 16:01:54.042905+05:30	f	9496b129-d4dc-4e89-9da7-f75f97a930b8	f710797f-9967-48f8-8773-da5ace25ca25	f988773b-8774-4520-ae80-66b45aa82f64
35	2024-05-01 19:01:21.407252+05:30	2024-05-26 16:01:54.054208+05:30	t	879c23fb-694f-488c-9cfa-bb75e4403737	f710797f-9967-48f8-8773-da5ace25ca25	93e2bdb8-6557-42bc-87b4-228af80667b6
36	2024-05-01 19:01:21.411846+05:30	2024-05-26 16:01:54.058098+05:30	f	2ecffb9c-6caf-4cb5-b449-9b8de9129b01	f710797f-9967-48f8-8773-da5ace25ca25	a4dbdd28-855b-4640-a408-c8d09c4bb4f8
\.


--
-- Data for Name: app_z2hwebpages; Type: TABLE DATA; Schema: public; Owner: z2huser
--

COPY public.app_z2hwebpages (id, created, modified, is_active, uid, name, description) FROM stdin;
1	2024-04-21 18:26:29.987+05:30	2024-04-21 18:26:29.987+05:30	t	549e1760-7b85-4d3b-8aab-b0809771691c	users	Users Page
2	2024-04-21 18:26:29.987+05:30	2024-04-21 18:26:29.987+05:30	t	4af12c97-9a26-4564-96b7-8a13bf132fc6	products	Products Page
3	2024-04-21 18:26:29.987+05:30	2024-04-21 18:26:29.987+05:30	t	cfd735d1-ba23-4379-ace7-c00d50c7590a	orders	Orders Page
4	2024-04-21 18:26:29.987+05:30	2024-04-21 18:26:29.987+05:30	t	f988773b-8774-4520-ae80-66b45aa82f64	customers	Customers Page
5	2024-04-21 18:26:29.987+05:30	2024-04-21 18:26:29.987+05:30	t	93e2bdb8-6557-42bc-87b4-228af80667b6	reports	Reports Page
6	2024-04-21 18:26:29.987+05:30	2024-04-21 18:26:29.987+05:30	t	a4dbdd28-855b-4640-a408-c8d09c4bb4f8	settings	Settings Page
\.


--
-- Data for Name: auth_group; Type: TABLE DATA; Schema: public; Owner: z2huser
--

COPY public.auth_group (id, name) FROM stdin;
\.


--
-- Data for Name: auth_group_permissions; Type: TABLE DATA; Schema: public; Owner: z2huser
--

COPY public.auth_group_permissions (id, group_id, permission_id) FROM stdin;
\.


--
-- Data for Name: auth_permission; Type: TABLE DATA; Schema: public; Owner: z2huser
--

COPY public.auth_permission (id, name, content_type_id, codename) FROM stdin;
1	Can add log entry	1	add_logentry
2	Can change log entry	1	change_logentry
3	Can delete log entry	1	delete_logentry
4	Can view log entry	1	view_logentry
5	Can add permission	2	add_permission
6	Can change permission	2	change_permission
7	Can delete permission	2	delete_permission
8	Can view permission	2	view_permission
9	Can add group	3	add_group
10	Can change group	3	change_group
11	Can delete group	3	delete_group
12	Can view group	3	view_group
13	Can add content type	4	add_contenttype
14	Can change content type	4	change_contenttype
15	Can delete content type	4	delete_contenttype
16	Can view content type	4	view_contenttype
17	Can add session	5	add_session
18	Can change session	5	change_session
19	Can delete session	5	delete_session
20	Can view session	5	view_session
21	Can add Token	6	add_token
22	Can change Token	6	change_token
23	Can delete Token	6	delete_token
24	Can view Token	6	view_token
25	Can add token	7	add_tokenproxy
26	Can change token	7	change_tokenproxy
27	Can delete token	7	delete_tokenproxy
28	Can view token	7	view_tokenproxy
29	Can add z2h order items	8	add_z2horderitems
30	Can change z2h order items	8	change_z2horderitems
31	Can delete z2h order items	8	delete_z2horderitems
32	Can view z2h order items	8	view_z2horderitems
33	Can add z2h orders	9	add_z2horders
34	Can change z2h orders	9	change_z2horders
35	Can delete z2h orders	9	delete_z2horders
36	Can view z2h orders	9	view_z2horders
37	Can add z2h plan details	10	add_z2hplandetails
38	Can change z2h plan details	10	change_z2hplandetails
39	Can delete z2h plan details	10	delete_z2hplandetails
40	Can view z2h plan details	10	view_z2hplandetails
41	Can add z2h product categories	11	add_z2hproductcategories
42	Can change z2h product categories	11	change_z2hproductcategories
43	Can delete z2h product categories	11	delete_z2hproductcategories
44	Can view z2h product categories	11	view_z2hproductcategories
45	Can add z2h product sub categories	12	add_z2hproductsubcategories
46	Can change z2h product sub categories	12	change_z2hproductsubcategories
47	Can delete z2h product sub categories	12	delete_z2hproductsubcategories
48	Can view z2h product sub categories	12	view_z2hproductsubcategories
49	Can add z2h products	13	add_z2hproducts
50	Can change z2h products	13	change_z2hproducts
51	Can delete z2h products	13	delete_z2hproducts
52	Can view z2h products	13	view_z2hproducts
53	Can add z2h product images	14	add_z2hproductimages
54	Can change z2h product images	14	change_z2hproductimages
55	Can delete z2h product images	14	delete_z2hproductimages
56	Can view z2h product images	14	view_z2hproductimages
57	Can add z2h user	15	add_z2huser
58	Can change z2h user	15	change_z2huser
59	Can delete z2h user	15	delete_z2huser
60	Can view z2h user	15	view_z2huser
61	Can add role	16	add_role
62	Can change role	16	change_role
63	Can delete role	16	delete_role
64	Can view role	16	view_role
65	Can add z2h customers	17	add_z2hcustomers
66	Can change z2h customers	17	change_z2hcustomers
67	Can delete z2h customers	17	delete_z2hcustomers
68	Can view z2h customers	17	view_z2hcustomers
69	Can add register user	18	add_registeruser
70	Can change register user	18	change_registeruser
71	Can delete register user	18	delete_registeruser
72	Can view register user	18	view_registeruser
73	Can add state	19	add_state
74	Can change state	19	change_state
75	Can delete state	19	delete_state
76	Can view state	19	view_state
77	Can add district	20	add_district
78	Can change district	20	change_district
79	Can delete district	20	delete_district
80	Can view district	20	view_district
81	Can add task	21	add_task
82	Can change task	21	change_task
83	Can delete task	21	delete_task
84	Can view task	21	view_task
85	Can add z2h advertisements	22	add_z2hadvertisements
86	Can change z2h advertisements	22	change_z2hadvertisements
87	Can delete z2h advertisements	22	delete_z2hadvertisements
88	Can view z2h advertisements	22	view_z2hadvertisements
89	Can add z2h user roles	23	add_z2huserroles
90	Can change z2h user roles	23	change_z2huserroles
91	Can delete z2h user roles	23	delete_z2huserroles
92	Can view z2h user roles	23	view_z2huserroles
93	Can add z2h web page roles	24	add_z2hwebpageroles
94	Can change z2h web page roles	24	change_z2hwebpageroles
95	Can delete z2h web page roles	24	delete_z2hwebpageroles
96	Can view z2h web page roles	24	view_z2hwebpageroles
97	Can add z2h web pages	25	add_z2hwebpages
98	Can change z2h web pages	25	change_z2hwebpages
99	Can delete z2h web pages	25	delete_z2hwebpages
100	Can view z2h web pages	25	view_z2hwebpages
101	Can add z2h settings	26	add_z2hsettings
102	Can change z2h settings	26	change_z2hsettings
103	Can delete z2h settings	26	delete_z2hsettings
104	Can view z2h settings	26	view_z2hsettings
\.


--
-- Data for Name: authtoken_token; Type: TABLE DATA; Schema: public; Owner: z2huser
--

COPY public.authtoken_token (key, created, user_id) FROM stdin;
\.


--
-- Data for Name: django_admin_log; Type: TABLE DATA; Schema: public; Owner: z2huser
--

COPY public.django_admin_log (id, action_time, object_id, object_repr, action_flag, change_message, content_type_id, user_id) FROM stdin;
\.


--
-- Data for Name: django_content_type; Type: TABLE DATA; Schema: public; Owner: z2huser
--

COPY public.django_content_type (id, app_label, model) FROM stdin;
1	admin	logentry
2	auth	permission
3	auth	group
4	contenttypes	contenttype
5	sessions	session
6	authtoken	token
7	authtoken	tokenproxy
8	app	z2horderitems
9	app	z2horders
10	app	z2hplandetails
11	app	z2hproductcategories
12	app	z2hproductsubcategories
13	app	z2hproducts
14	app	z2hproductimages
15	user	z2huser
16	user	role
17	user	z2hcustomers
18	user	registeruser
19	utils	state
20	utils	district
21	django_dramatiq	task
22	app	z2hadvertisements
23	user	z2huserroles
24	app	z2hwebpageroles
25	app	z2hwebpages
26	utils	z2hsettings
\.


--
-- Data for Name: django_dramatiq_task; Type: TABLE DATA; Schema: public; Owner: z2huser
--

COPY public.django_dramatiq_task (id, status, created_at, updated_at, message_data, actor_name, queue_name) FROM stdin;
f32dbb83-3ebe-447c-bc4b-05a7f69519ee	enqueued	2024-04-22 00:06:09.568228+05:30	2024-04-22 00:06:09.568228+05:30	\\x7b2271756575655f6e616d65223a2264656661756c74222c226163746f725f6e616d65223a2273656e645f656d61696c222c2261726773223a5b5d2c226b7761726773223a7b22746f5f656d61696c223a2272706f6f76656e64726170616e6469406f75746c6f6f6b2e636f6d227d2c226f7074696f6e73223a7b7d2c226d6573736167655f6964223a2266333264626238332d336562652d343437632d626334622d303561376636393531396565222c226d6573736167655f74696d657374616d70223a313731333732343536393532317d	send_email	default
7f9b32e2-55e7-47ab-ba7a-440783da69e2	done	2024-04-22 00:15:03.49806+05:30	2024-04-22 00:15:08.736997+05:30	\\x7b2271756575655f6e616d65223a2264656661756c74222c226163746f725f6e616d65223a2273656e645f656d61696c222c2261726773223a5b5d2c226b7761726773223a7b22746f5f656d61696c223a2272706f6f76656e64726170616e6469406f75746c6f6f6b2e636f6d227d2c226f7074696f6e73223a7b2272657472696573223a382c2274726163656261636b223a2254726163656261636b20286d6f737420726563656e742063616c6c206c617374293a5c6e202046696c65205c22673a5c5c6d7970726f6a656374735c5c7a32685c5c76656e765c5c6c69625c5c736974652d7061636b616765735c5c6472616d617469715c5c776f726b65722e70795c222c206c696e65203438352c20696e2070726f636573735f6d6573736167655c6e20202020726573203d206163746f72282a6d6573736167652e617267732c202a2a6d6573736167652e6b7761726773295c6e202046696c65205c22673a5c5c6d7970726f6a656374735c5c7a32685c5c76656e765c5c6c69625c5c736974652d7061636b616765735c5c6472616d617469715c5c6163746f722e70795c222c206c696e65203138322c20696e205f5f63616c6c5f5f5c6e2020202072657475726e2073656c662e666e282a617267732c202a2a6b7761726773295c6e202046696c65205c222e5c5c617070735c5c6170705c5c7461736b732e70795c222c206c696e6520352c20696e2073656e645f656d61696c5c6e202046696c65205c22673a5c5c6d7970726f6a656374735c5c7a32685c5c76656e765c5c6c69625c5c736974652d7061636b616765735c5c6472616d617469715c5c636f6d7061742e70795c222c206c696e652035352c20696e2077726974655c6e2020202073656c662e706970652e73656e645f627974657328732e656e636f64652873656c662e656e636f64696e672c206572726f72733d5c227265706c6163655c2229295c6e202046696c65205c22433a5c5c55736572735c5c757365725c5c417070446174615c5c4c6f63616c5c5c50726f6772616d735c5c507974686f6e5c5c507974686f6e33395c5c6c69625c5c6d756c746970726f63657373696e675c5c636f6e6e656374696f6e2e70795c222c206c696e65203230352c20696e2073656e645f62797465735c6e2020202073656c662e5f73656e645f6279746573286d5b6f66667365743a6f6666736574202b2073697a655d295c6e202046696c65205c22433a5c5c55736572735c5c757365725c5c417070446174615c5c4c6f63616c5c5c50726f6772616d735c5c507974686f6e5c5c507974686f6e33395c5c6c69625c5c6d756c746970726f63657373696e675c5c636f6e6e656374696f6e2e70795c222c206c696e65203238352c20696e205f73656e645f62797465735c6e202020206f762c20657272203d205f77696e6170692e577269746546696c652873656c662e5f68616e646c652c206275662c206f7665726c61707065643d54727565295c6e42726f6b656e506970654572726f723a205b57696e4572726f72203233325d205468652070697065206973206265696e6720636c6f7365645c6e227d2c226d6573736167655f6964223a2237663962333265322d353565372d343761622d626137612d343430373833646136396532222c226d6573736167655f74696d657374616d70223a313731333732323637373030397d	send_email	default
c209dba6-d5e9-42e7-8fb7-b3d6cde283e3	done	2024-04-21 23:50:03.370359+05:30	2024-04-22 00:16:04.853247+05:30	\\x7b2271756575655f6e616d65223a2264656661756c74222c226163746f725f6e616d65223a2273656e645f656d61696c222c2261726773223a5b5d2c226b7761726773223a7b22746f5f656d61696c223a2272706f6f76656e64726170616e6469406f75746c6f6f6b2e636f6d227d2c226f7074696f6e73223a7b2272657472696573223a372c2274726163656261636b223a2254726163656261636b20286d6f737420726563656e742063616c6c206c617374293a5c6e202046696c65205c22673a5c5c6d7970726f6a656374735c5c7a32685c5c76656e765c5c6c69625c5c736974652d7061636b616765735c5c6472616d617469715c5c776f726b65722e70795c222c206c696e65203438352c20696e2070726f636573735f6d6573736167655c6e20202020726573203d206163746f72282a6d6573736167652e617267732c202a2a6d6573736167652e6b7761726773295c6e202046696c65205c22673a5c5c6d7970726f6a656374735c5c7a32685c5c76656e765c5c6c69625c5c736974652d7061636b616765735c5c6472616d617469715c5c6163746f722e70795c222c206c696e65203138322c20696e205f5f63616c6c5f5f5c6e2020202072657475726e2073656c662e666e282a617267732c202a2a6b7761726773295c6e202046696c65205c222e5c5c617070735c5c6170705c5c7461736b732e70795c222c206c696e6520352c20696e2073656e645f656d61696c5c6e202046696c65205c22673a5c5c6d7970726f6a656374735c5c7a32685c5c76656e765c5c6c69625c5c736974652d7061636b616765735c5c6472616d617469715c5c636f6d7061742e70795c222c206c696e652035352c20696e2077726974655c6e2020202073656c662e706970652e73656e645f627974657328732e656e636f64652873656c662e656e636f64696e672c206572726f72733d5c227265706c6163655c2229295c6e202046696c65205c22433a5c5c55736572735c5c757365725c5c417070446174615c5c4c6f63616c5c5c50726f6772616d735c5c507974686f6e5c5c507974686f6e33395c5c6c69625c5c6d756c746970726f63657373696e675c5c636f6e6e656374696f6e2e70795c222c206c696e65203230352c20696e2073656e645f62797465735c6e2020202073656c662e5f73656e645f6279746573286d5b6f66667365743a6f6666736574202b2073697a655d295c6e202046696c65205c22433a5c5c55736572735c5c757365725c5c417070446174615c5c4c6f63616c5c5c50726f6772616d735c5c507974686f6e5c5c507974686f6e33395c5c6c69625c5c6d756c746970726f63657373696e675c5c636f6e6e656374696f6e2e70795c222c206c696e65203238352c20696e205f73656e645f62797465735c6e202020206f762c20657272203d205f77696e6170692e577269746546696c652873656c662e5f68616e646c652c206275662c206f7665726c61707065643d54727565295c6e42726f6b656e506970654572726f723a205b57696e4572726f72203233325d205468652070697065206973206265696e6720636c6f7365645c6e227d2c226d6573736167655f6964223a2263323039646261362d643565392d343265372d386662372d623364366364653238336533222c226d6573736167655f74696d657374616d70223a313731333732333630333334337d	send_email	default
4ebe99b1-a5c6-4d4d-81e7-16bf0e717745	done	2024-04-22 00:19:59.7584+05:30	2024-04-22 00:33:37.830189+05:30	\\x7b2271756575655f6e616d65223a2264656661756c74222c226163746f725f6e616d65223a2273656e645f656d61696c222c2261726773223a5b5d2c226b7761726773223a7b22746f5f656d61696c223a2272706f6f76656e64726170616e6469406f75746c6f6f6b2e636f6d227d2c226f7074696f6e73223a7b2272657472696573223a362c2274726163656261636b223a2254726163656261636b20286d6f737420726563656e742063616c6c206c617374293a5c6e202046696c65205c22673a5c5c6d7970726f6a656374735c5c7a32685c5c76656e765c5c6c69625c5c736974652d7061636b616765735c5c6472616d617469715c5c776f726b65722e70795c222c206c696e65203438352c20696e2070726f636573735f6d6573736167655c6e20202020726573203d206163746f72282a6d6573736167652e617267732c202a2a6d6573736167652e6b7761726773295c6e202046696c65205c22673a5c5c6d7970726f6a656374735c5c7a32685c5c76656e765c5c6c69625c5c736974652d7061636b616765735c5c6472616d617469715c5c6163746f722e70795c222c206c696e65203138322c20696e205f5f63616c6c5f5f5c6e2020202072657475726e2073656c662e666e282a617267732c202a2a6b7761726773295c6e202046696c65205c222e5c5c617070735c5c6170705c5c7461736b732e70795c222c206c696e6520352c20696e2073656e645f656d61696c5c6e202046696c65205c22673a5c5c6d7970726f6a656374735c5c7a32685c5c76656e765c5c6c69625c5c736974652d7061636b616765735c5c6472616d617469715c5c636f6d7061742e70795c222c206c696e652035352c20696e2077726974655c6e2020202073656c662e706970652e73656e645f627974657328732e656e636f64652873656c662e656e636f64696e672c206572726f72733d5c227265706c6163655c2229295c6e202046696c65205c22433a5c5c55736572735c5c757365725c5c417070446174615c5c4c6f63616c5c5c50726f6772616d735c5c507974686f6e5c5c507974686f6e33395c5c6c69625c5c6d756c746970726f63657373696e675c5c636f6e6e656374696f6e2e70795c222c206c696e65203230352c20696e2073656e645f62797465735c6e2020202073656c662e5f73656e645f6279746573286d5b6f66667365743a6f6666736574202b2073697a655d295c6e202046696c65205c22433a5c5c55736572735c5c757365725c5c417070446174615c5c4c6f63616c5c5c50726f6772616d735c5c507974686f6e5c5c507974686f6e33395c5c6c69625c5c6d756c746970726f63657373696e675c5c636f6e6e656374696f6e2e70795c222c206c696e65203238352c20696e205f73656e645f62797465735c6e202020206f762c20657272203d205f77696e6170692e577269746546696c652873656c662e5f68616e646c652c206275662c206f7665726c61707065643d54727565295c6e42726f6b656e506970654572726f723a205b57696e4572726f72203233325d205468652070697065206973206265696e6720636c6f7365645c6e227d2c226d6573736167655f6964223a2234656265393962312d613563362d346434642d383165372d313662663065373137373435222c226d6573736167655f74696d657374616d70223a313731333732353339393734327d	send_email	default
b0fdbef0-6838-4876-b800-8d716671aef6	done	2024-04-21 23:58:24.720196+05:30	2024-04-22 00:49:46.123615+05:30	\\x7b2271756575655f6e616d65223a2264656661756c74222c226163746f725f6e616d65223a2273656e645f656d61696c222c2261726773223a5b5d2c226b7761726773223a7b22746f5f656d61696c223a2272706f6f76656e64726170616e6469406f75746c6f6f6b2e636f6d227d2c226f7074696f6e73223a7b2272657472696573223a382c2274726163656261636b223a2254726163656261636b20286d6f737420726563656e742063616c6c206c617374293a5c6e202046696c65205c22673a5c5c6d7970726f6a656374735c5c7a32685c5c76656e765c5c6c69625c5c736974652d7061636b616765735c5c6472616d617469715c5c776f726b65722e70795c222c206c696e65203438352c20696e2070726f636573735f6d6573736167655c6e20202020726573203d206163746f72282a6d6573736167652e617267732c202a2a6d6573736167652e6b7761726773295c6e202046696c65205c22673a5c5c6d7970726f6a656374735c5c7a32685c5c76656e765c5c6c69625c5c736974652d7061636b616765735c5c6472616d617469715c5c6163746f722e70795c222c206c696e65203138322c20696e205f5f63616c6c5f5f5c6e2020202072657475726e2073656c662e666e282a617267732c202a2a6b7761726773295c6e202046696c65205c222e5c5c617070735c5c6170705c5c7461736b732e70795c222c206c696e6520352c20696e2073656e645f656d61696c5c6e202046696c65205c22673a5c5c6d7970726f6a656374735c5c7a32685c5c76656e765c5c6c69625c5c736974652d7061636b616765735c5c6472616d617469715c5c636f6d7061742e70795c222c206c696e652035352c20696e2077726974655c6e2020202073656c662e706970652e73656e645f627974657328732e656e636f64652873656c662e656e636f64696e672c206572726f72733d5c227265706c6163655c2229295c6e202046696c65205c22433a5c5c55736572735c5c757365725c5c417070446174615c5c4c6f63616c5c5c50726f6772616d735c5c507974686f6e5c5c507974686f6e33395c5c6c69625c5c6d756c746970726f63657373696e675c5c636f6e6e656374696f6e2e70795c222c206c696e65203230352c20696e2073656e645f62797465735c6e2020202073656c662e5f73656e645f6279746573286d5b6f66667365743a6f6666736574202b2073697a655d295c6e202046696c65205c22433a5c5c55736572735c5c757365725c5c417070446174615c5c4c6f63616c5c5c50726f6772616d735c5c507974686f6e5c5c507974686f6e33395c5c6c69625c5c6d756c746970726f63657373696e675c5c636f6e6e656374696f6e2e70795c222c206c696e65203238352c20696e205f73656e645f62797465735c6e202020206f762c20657272203d205f77696e6170692e577269746546696c652873656c662e5f68616e646c652c206275662c206f7665726c61707065643d54727565295c6e42726f6b656e506970654572726f723a205b57696e4572726f72203233325d205468652070697065206973206265696e6720636c6f7365645c6e227d2c226d6573736167655f6964223a2262306664626566302d363833382d343837362d623830302d386437313636373161656636222c226d6573736167655f74696d657374616d70223a313731333732343130343637357d	send_email	default
add2b1b1-b968-4ec6-aff0-b4ba3dd39314	delayed	2024-04-22 00:24:07.757209+05:30	2024-04-22 00:50:53.564132+05:30	\\x7b2271756575655f6e616d65223a2264656661756c742e4451222c226163746f725f6e616d65223a2273656e645f656d61696c222c2261726773223a5b5d2c226b7761726773223a7b7d2c226f7074696f6e73223a7b22746f5f656d61696c223a2272706f6f76656e64726170616e6469406f75746c6f6f6b2e636f6d222c2272657472696573223a382c2274726163656261636b223a2254726163656261636b20286d6f737420726563656e742063616c6c206c617374293a5c6e202046696c65205c22673a5c5c6d7970726f6a656374735c5c7a32685c5c76656e765c5c6c69625c5c736974652d7061636b616765735c5c6472616d617469715c5c776f726b65722e70795c222c206c696e65203438352c20696e2070726f636573735f6d6573736167655c6e20202020726573203d206163746f72282a6d6573736167652e617267732c202a2a6d6573736167652e6b7761726773295c6e202046696c65205c22673a5c5c6d7970726f6a656374735c5c7a32685c5c76656e765c5c6c69625c5c736974652d7061636b616765735c5c6472616d617469715c5c6163746f722e70795c222c206c696e65203138322c20696e205f5f63616c6c5f5f5c6e2020202072657475726e2073656c662e666e282a617267732c202a2a6b7761726773295c6e547970654572726f723a2073656e645f656d61696c2829206d697373696e67203120726571756972656420706f736974696f6e616c20617267756d656e743a2027746f5f656d61696c275c6e222c22657461223a313731333732393032343830367d2c226d6573736167655f6964223a2261646432623162312d623936382d346563362d616666302d623462613364643339333134222c226d6573736167655f74696d657374616d70223a313731333732353634373730377d	send_email	default.DQ
2d60bb1a-048e-4c46-ae03-6e225ceed8f7	done	2024-04-22 00:19:37.58754+05:30	2024-04-22 00:33:00.617329+05:30	\\x7b2271756575655f6e616d65223a2264656661756c74222c226163746f725f6e616d65223a2273656e645f656d61696c222c2261726773223a5b5d2c226b7761726773223a7b22746f5f656d61696c223a2272706f6f76656e64726170616e6469406f75746c6f6f6b2e636f6d227d2c226f7074696f6e73223a7b2272657472696573223a362c2274726163656261636b223a2254726163656261636b20286d6f737420726563656e742063616c6c206c617374293a5c6e202046696c65205c22673a5c5c6d7970726f6a656374735c5c7a32685c5c76656e765c5c6c69625c5c736974652d7061636b616765735c5c6472616d617469715c5c776f726b65722e70795c222c206c696e65203438352c20696e2070726f636573735f6d6573736167655c6e20202020726573203d206163746f72282a6d6573736167652e617267732c202a2a6d6573736167652e6b7761726773295c6e202046696c65205c22673a5c5c6d7970726f6a656374735c5c7a32685c5c76656e765c5c6c69625c5c736974652d7061636b616765735c5c6472616d617469715c5c6163746f722e70795c222c206c696e65203138322c20696e205f5f63616c6c5f5f5c6e2020202072657475726e2073656c662e666e282a617267732c202a2a6b7761726773295c6e202046696c65205c222e5c5c617070735c5c6170705c5c7461736b732e70795c222c206c696e6520352c20696e2073656e645f656d61696c5c6e202046696c65205c22673a5c5c6d7970726f6a656374735c5c7a32685c5c76656e765c5c6c69625c5c736974652d7061636b616765735c5c6472616d617469715c5c636f6d7061742e70795c222c206c696e652035352c20696e2077726974655c6e2020202073656c662e706970652e73656e645f627974657328732e656e636f64652873656c662e656e636f64696e672c206572726f72733d5c227265706c6163655c2229295c6e202046696c65205c22433a5c5c55736572735c5c757365725c5c417070446174615c5c4c6f63616c5c5c50726f6772616d735c5c507974686f6e5c5c507974686f6e33395c5c6c69625c5c6d756c746970726f63657373696e675c5c636f6e6e656374696f6e2e70795c222c206c696e65203230352c20696e2073656e645f62797465735c6e2020202073656c662e5f73656e645f6279746573286d5b6f66667365743a6f6666736574202b2073697a655d295c6e202046696c65205c22433a5c5c55736572735c5c757365725c5c417070446174615c5c4c6f63616c5c5c50726f6772616d735c5c507974686f6e5c5c507974686f6e33395c5c6c69625c5c6d756c746970726f63657373696e675c5c636f6e6e656374696f6e2e70795c222c206c696e65203238352c20696e205f73656e645f62797465735c6e202020206f762c20657272203d205f77696e6170692e577269746546696c652873656c662e5f68616e646c652c206275662c206f7665726c61707065643d54727565295c6e42726f6b656e506970654572726f723a205b57696e4572726f72203233325d205468652070697065206973206265696e6720636c6f7365645c6e227d2c226d6573736167655f6964223a2232643630626231612d303438652d346334362d616530332d366532323563656564386637222c226d6573736167655f74696d657374616d70223a313731333732353337373535337d	send_email	default
58d690e4-620b-4730-b73b-7ad8c41a24d0	done	2024-04-22 00:29:49.528885+05:30	2024-04-22 00:34:29.95471+05:30	\\x7b2271756575655f6e616d65223a2264656661756c74222c226163746f725f6e616d65223a2273656e645f656d61696c222c2261726773223a5b5d2c226b7761726773223a7b22746f5f656d61696c223a2272706f6f76656e64726170616e6469406f75746c6f6f6b2e636f6d227d2c226f7074696f6e73223a7b2272657472696573223a352c2274726163656261636b223a2254726163656261636b20286d6f737420726563656e742063616c6c206c617374293a5c6e202046696c65205c22673a5c5c6d7970726f6a656374735c5c7a32685c5c76656e765c5c6c69625c5c736974652d7061636b616765735c5c6472616d617469715c5c776f726b65722e70795c222c206c696e65203438352c20696e2070726f636573735f6d6573736167655c6e20202020726573203d206163746f72282a6d6573736167652e617267732c202a2a6d6573736167652e6b7761726773295c6e202046696c65205c22673a5c5c6d7970726f6a656374735c5c7a32685c5c76656e765c5c6c69625c5c736974652d7061636b616765735c5c6472616d617469715c5c6163746f722e70795c222c206c696e65203138322c20696e205f5f63616c6c5f5f5c6e2020202072657475726e2073656c662e666e282a617267732c202a2a6b7761726773295c6e202046696c65205c222e5c5c617070735c5c6170705c5c7461736b732e70795c222c206c696e6520352c20696e2073656e645f656d61696c5c6e202046696c65205c22673a5c5c6d7970726f6a656374735c5c7a32685c5c76656e765c5c6c69625c5c736974652d7061636b616765735c5c6472616d617469715c5c636f6d7061742e70795c222c206c696e652035352c20696e2077726974655c6e2020202073656c662e706970652e73656e645f627974657328732e656e636f64652873656c662e656e636f64696e672c206572726f72733d5c227265706c6163655c2229295c6e202046696c65205c22433a5c5c55736572735c5c757365725c5c417070446174615c5c4c6f63616c5c5c50726f6772616d735c5c507974686f6e5c5c507974686f6e33395c5c6c69625c5c6d756c746970726f63657373696e675c5c636f6e6e656374696f6e2e70795c222c206c696e65203230352c20696e2073656e645f62797465735c6e2020202073656c662e5f73656e645f6279746573286d5b6f66667365743a6f6666736574202b2073697a655d295c6e202046696c65205c22433a5c5c55736572735c5c757365725c5c417070446174615c5c4c6f63616c5c5c50726f6772616d735c5c507974686f6e5c5c507974686f6e33395c5c6c69625c5c6d756c746970726f63657373696e675c5c636f6e6e656374696f6e2e70795c222c206c696e65203238352c20696e205f73656e645f62797465735c6e202020206f762c20657272203d205f77696e6170692e577269746546696c652873656c662e5f68616e646c652c206275662c206f7665726c61707065643d54727565295c6e42726f6b656e506970654572726f723a205b57696e4572726f72203233325d205468652070697065206973206265696e6720636c6f7365645c6e227d2c226d6573736167655f6964223a2235386436393065342d363230622d343733302d623733622d376164386334316132346430222c226d6573736167655f74696d657374616d70223a313731333732353938393439347d	send_email	default
8ce69d9a-fb8a-48d8-a783-94aacc4435a2	done	2024-04-22 00:38:05.54752+05:30	2024-04-22 00:38:09.389361+05:30	\\x7b2271756575655f6e616d65223a2264656661756c74222c226163746f725f6e616d65223a2273656e645f656d61696c222c2261726773223a5b5d2c226b7761726773223a7b22746f5f656d61696c223a2272706f6f76656e64726170616e6469406f75746c6f6f6b2e636f6d227d2c226f7074696f6e73223a7b7d2c226d6573736167655f6964223a2238636536396439612d666238612d343864382d613738332d393461616363343433356132222c226d6573736167655f74696d657374616d70223a313731333732363438353439327d	send_email	default
4805423e-c259-4f88-af9e-25a8ef9040f7	done	2024-04-22 00:38:28.46213+05:30	2024-04-22 00:38:32.537005+05:30	\\x7b2271756575655f6e616d65223a2264656661756c74222c226163746f725f6e616d65223a2273656e645f656d61696c222c2261726773223a5b5d2c226b7761726773223a7b22746f5f656d61696c223a2272706f6f76656e64726170616e6469406f75746c6f6f6b2e636f6d227d2c226f7074696f6e73223a7b7d2c226d6573736167655f6964223a2234383035343233652d633235392d346638382d616639652d323561386566393034306637222c226d6573736167655f74696d657374616d70223a313731333732363530383435357d	send_email	default
f509814a-4783-4dc1-8434-4fd7bdf97264	enqueued	2024-04-22 01:43:11.785854+05:30	2024-04-22 01:43:11.785854+05:30	\\x7b2271756575655f6e616d65223a2264656661756c74222c226163746f725f6e616d65223a2273656e645f656d61696c222c2261726773223a5b5d2c226b7761726773223a7b22746f5f656d61696c223a2272706f6f76656e64726170616e6469406f75746c6f6f6b2e636f6d222c22626f6479223a225468652053797374656d2047656e6572617465642050617373776f726420666f72205a65726f20546f204865726f204c6f67696e20666f72205573657220546573742055736572204f6e652069732050507c6d4e4a305755222c227375626a656374223a225a65726f20546f204865726f204c6f67696e2043726564656e7469616c73227d2c226f7074696f6e73223a7b7d2c226d6573736167655f6964223a2266353039383134612d343738332d346463312d383433342d346664376264663937323634222c226d6573736167655f74696d657374616d70223a313731333733303339313736317d	send_email	default
dc16c865-5bf0-4df3-83eb-92ef3edfbd88	delayed	2024-04-22 01:45:15.141307+05:30	2024-04-22 01:52:17.032827+05:30	\\x7b2271756575655f6e616d65223a2264656661756c742e4451222c226163746f725f6e616d65223a2273656e645f656d61696c222c2261726773223a5b5d2c226b7761726773223a7b22746f5f656d61696c223a2272706f6f76656e64726170616e6469406f75746c6f6f6b2e636f6d222c22626f6479223a225468652053797374656d2047656e6572617465642050617373776f726420666f72205a65726f20546f204865726f204c6f67696e20666f72205573657220546573742055736572204f6e652069732057625551715e347859222c227375626a656374223a225a65726f20546f204865726f204c6f67696e2043726564656e7469616c73227d2c226f7074696f6e73223a7b2272657472696573223a362c2274726163656261636b223a2254726163656261636b20286d6f737420726563656e742063616c6c206c617374293a5c6e202046696c65205c22673a5c5c6d7970726f6a656374735c5c7a32685c5c76656e765c5c6c69625c5c736974652d7061636b616765735c5c6472616d617469715c5c776f726b65722e70795c222c206c696e65203438352c20696e2070726f636573735f6d6573736167655c6e20202020726573203d206163746f72282a6d6573736167652e617267732c202a2a6d6573736167652e6b7761726773295c6e202046696c65205c22673a5c5c6d7970726f6a656374735c5c7a32685c5c76656e765c5c6c69625c5c736974652d7061636b616765735c5c6472616d617469715c5c6163746f722e70795c222c206c696e65203138322c20696e205f5f63616c6c5f5f5c6e2020202072657475726e2073656c662e666e282a617267732c202a2a6b7761726773295c6e202046696c65205c222e5c5c617070735c5c7574696c735c5c7461736b732e70795c222c206c696e6520392c20696e2073656e645f656d61696c5c6e202020207961672e73656e6428746f3d746f5f656d61696c2c207375626a6563743d7375626a6563742c20636f6e74656e74733d626f6479295c6e202046696c65205c22673a5c5c6d7970726f6a656374735c5c7a32685c5c76656e765c5c6c69625c5c736974652d7061636b616765735c5c7961676d61696c5c5c73656e6465722e70795c222c206c696e65203135372c20696e2073656e645c6e20202020726563697069656e74732c206d73675f737472696e6773203d2073656c662e707265706172655f73656e64285c6e202046696c65205c22673a5c5c6d7970726f6a656374735c5c7a32685c5c76656e765c5c6c69625c5c736974652d7061636b616765735c5c7961676d61696c5c5c73656e6465722e70795c222c206c696e65203132322c20696e20707265706172655f73656e645c6e202020206d7367203d20707265706172655f6d657373616765285c6e202046696c65205c22673a5c5c6d7970726f6a656374735c5c7a32685c5c76656e765c5c6c69625c5c736974652d7061636b616765735c5c7961676d61696c5c5c6d6573736167652e70795c222c206c696e65203134302c20696e20707265706172655f6d6573736167655c6e20202020696d706f7274207072656d61696c65725c6e202046696c65205c22673a5c5c6d7970726f6a656374735c5c7a32685c5c76656e765c5c6c69625c5c736974652d7061636b616765735c5c7072656d61696c65725c5c5f5f696e69745f5f2e70795c222c206c696e6520312c20696e203c6d6f64756c653e5c6e2020202066726f6d202e7072656d61696c657220696d706f7274205072656d61696c65722c207472616e73666f726d202023206e6f71615c6e202046696c65205c22673a5c5c6d7970726f6a656374735c5c7a32685c5c76656e765c5c6c69625c5c736974652d7061636b616765735c5c7072656d61696c65725c5c7072656d61696c65722e70795c222c206c696e652031312c20696e203c6d6f64756c653e5c6e20202020696d706f72742072657175657374735c6e202046696c65205c22673a5c5c6d7970726f6a656374735c5c7a32685c5c76656e765c5c6c69625c5c736974652d7061636b616765735c5c72657175657374735c5c5f5f696e69745f5f2e70795c222c206c696e65203134372c20696e203c6d6f64756c653e5c6e2020202066726f6d202e20696d706f7274207061636b616765732c207574696c735c6e202046696c65205c22673a5c5c6d7970726f6a656374735c5c7a32685c5c76656e765c5c6c69625c5c736974652d7061636b616765735c5c72657175657374735c5c7574696c732e70795c222c206c696e652035322c20696e203c6d6f64756c653e5c6e2020202066726f6d202e636f6f6b69657320696d706f727420636f6f6b69656a61725f66726f6d5f646963745c6e202046696c65205c223c66726f7a656e20696d706f72746c69622e5f626f6f7473747261703e5c222c206c696e6520313030372c20696e205f66696e645f616e645f6c6f61645c6e202046696c65205c223c66726f7a656e20696d706f72746c69622e5f626f6f7473747261703e5c222c206c696e65203938362c20696e205f66696e645f616e645f6c6f61645f756e6c6f636b65645c6e202046696c65205c223c66726f7a656e20696d706f72746c69622e5f626f6f7473747261703e5c222c206c696e65203638302c20696e205f6c6f61645f756e6c6f636b65645c6e202046696c65205c223c66726f7a656e20696d706f72746c69622e5f626f6f7473747261705f65787465726e616c3e5c222c206c696e65203738362c20696e20657865635f6d6f64756c655c6e202046696c65205c223c66726f7a656e20696d706f72746c69622e5f626f6f7473747261705f65787465726e616c3e5c222c206c696e65203838312c20696e206765745f636f64655c6e202046696c65205c223c66726f7a656e20696d706f72746c69622e5f626f6f7473747261705f65787465726e616c3e5c222c206c696e65203938302c20696e206765745f646174615c6e6472616d617469712e6d6964646c65776172652e74696d655f6c696d69742e54696d654c696d697445786365656465645c6e222c22657461223a313731333733313231303032367d2c226d6573736167655f6964223a2264633136633836352d356266302d346466332d383365622d393265663365646662643838222c226d6573736167655f74696d657374616d70223a313731333733303531353132337d	send_email	default.DQ
442d77f6-3090-4e65-9e19-3b276628029e	done	2024-04-22 00:19:10.070435+05:30	2024-04-22 00:46:04.285205+05:30	\\x7b2271756575655f6e616d65223a2264656661756c74222c226163746f725f6e616d65223a2273656e645f656d61696c222c2261726773223a5b5d2c226b7761726773223a7b22746f5f656d61696c223a2272706f6f76656e64726170616e6469406f75746c6f6f6b2e636f6d227d2c226f7074696f6e73223a7b2272657472696573223a372c2274726163656261636b223a2254726163656261636b20286d6f737420726563656e742063616c6c206c617374293a5c6e202046696c65205c22673a5c5c6d7970726f6a656374735c5c7a32685c5c76656e765c5c6c69625c5c736974652d7061636b616765735c5c6472616d617469715c5c776f726b65722e70795c222c206c696e65203438352c20696e2070726f636573735f6d6573736167655c6e20202020726573203d206163746f72282a6d6573736167652e617267732c202a2a6d6573736167652e6b7761726773295c6e202046696c65205c22673a5c5c6d7970726f6a656374735c5c7a32685c5c76656e765c5c6c69625c5c736974652d7061636b616765735c5c6472616d617469715c5c6163746f722e70795c222c206c696e65203138322c20696e205f5f63616c6c5f5f5c6e2020202072657475726e2073656c662e666e282a617267732c202a2a6b7761726773295c6e202046696c65205c222e5c5c617070735c5c6170705c5c7461736b732e70795c222c206c696e6520352c20696e2073656e645f656d61696c5c6e202046696c65205c22673a5c5c6d7970726f6a656374735c5c7a32685c5c76656e765c5c6c69625c5c736974652d7061636b616765735c5c6472616d617469715c5c636f6d7061742e70795c222c206c696e652035352c20696e2077726974655c6e2020202073656c662e706970652e73656e645f627974657328732e656e636f64652873656c662e656e636f64696e672c206572726f72733d5c227265706c6163655c2229295c6e202046696c65205c22433a5c5c55736572735c5c757365725c5c417070446174615c5c4c6f63616c5c5c50726f6772616d735c5c507974686f6e5c5c507974686f6e33395c5c6c69625c5c6d756c746970726f63657373696e675c5c636f6e6e656374696f6e2e70795c222c206c696e65203230352c20696e2073656e645f62797465735c6e2020202073656c662e5f73656e645f6279746573286d5b6f66667365743a6f6666736574202b2073697a655d295c6e202046696c65205c22433a5c5c55736572735c5c757365725c5c417070446174615c5c4c6f63616c5c5c50726f6772616d735c5c507974686f6e5c5c507974686f6e33395c5c6c69625c5c6d756c746970726f63657373696e675c5c636f6e6e656374696f6e2e70795c222c206c696e65203238352c20696e205f73656e645f62797465735c6e202020206f762c20657272203d205f77696e6170692e577269746546696c652873656c662e5f68616e646c652c206275662c206f7665726c61707065643d54727565295c6e42726f6b656e506970654572726f723a205b57696e4572726f72203233325d205468652070697065206973206265696e6720636c6f7365645c6e227d2c226d6573736167655f6964223a2234343264373766362d333039302d346536352d396531392d336232373636323830323965222c226d6573736167655f74696d657374616d70223a313731333732353335303032397d	send_email	default
459734a3-11cb-474e-ab45-7b3ef8f33b5b	done	2024-04-22 00:57:53.167772+05:30	2024-04-22 00:57:56.707446+05:30	\\x7b2271756575655f6e616d65223a2264656661756c74222c226163746f725f6e616d65223a2273656e645f656d61696c222c2261726773223a5b5d2c226b7761726773223a7b22746f5f656d61696c223a2272706f6f76656e64726170616e6469406f75746c6f6f6b2e636f6d227d2c226f7074696f6e73223a7b2272657472696573223a392c2274726163656261636b223a2254726163656261636b20286d6f737420726563656e742063616c6c206c617374293a5c6e202046696c65205c22673a5c5c6d7970726f6a656374735c5c7a32685c5c76656e765c5c6c69625c5c736974652d7061636b616765735c5c6472616d617469715c5c776f726b65722e70795c222c206c696e65203438352c20696e2070726f636573735f6d6573736167655c6e20202020726573203d206163746f72282a6d6573736167652e617267732c202a2a6d6573736167652e6b7761726773295c6e202046696c65205c22673a5c5c6d7970726f6a656374735c5c7a32685c5c76656e765c5c6c69625c5c736974652d7061636b616765735c5c6472616d617469715c5c6163746f722e70795c222c206c696e65203138322c20696e205f5f63616c6c5f5f5c6e2020202072657475726e2073656c662e666e282a617267732c202a2a6b7761726773295c6e202046696c65205c222e5c5c617070735c5c6170705c5c7461736b732e70795c222c206c696e6520352c20696e2073656e645f656d61696c5c6e202046696c65205c22673a5c5c6d7970726f6a656374735c5c7a32685c5c76656e765c5c6c69625c5c736974652d7061636b616765735c5c6472616d617469715c5c636f6d7061742e70795c222c206c696e652035352c20696e2077726974655c6e2020202073656c662e706970652e73656e645f627974657328732e656e636f64652873656c662e656e636f64696e672c206572726f72733d5c227265706c6163655c2229295c6e202046696c65205c22433a5c5c55736572735c5c757365725c5c417070446174615c5c4c6f63616c5c5c50726f6772616d735c5c507974686f6e5c5c507974686f6e33395c5c6c69625c5c6d756c746970726f63657373696e675c5c636f6e6e656374696f6e2e70795c222c206c696e65203230352c20696e2073656e645f62797465735c6e2020202073656c662e5f73656e645f6279746573286d5b6f66667365743a6f6666736574202b2073697a655d295c6e202046696c65205c22433a5c5c55736572735c5c757365725c5c417070446174615c5c4c6f63616c5c5c50726f6772616d735c5c507974686f6e5c5c507974686f6e33395c5c6c69625c5c6d756c746970726f63657373696e675c5c636f6e6e656374696f6e2e70795c222c206c696e65203238352c20696e205f73656e645f62797465735c6e202020206f762c20657272203d205f77696e6170692e577269746546696c652873656c662e5f68616e646c652c206275662c206f7665726c61707065643d54727565295c6e42726f6b656e506970654572726f723a205b57696e4572726f72203233325d205468652070697065206973206265696e6720636c6f7365645c6e227d2c226d6573736167655f6964223a2234353937333461332d313163622d343734652d616234352d376233656638663333623562222c226d6573736167655f74696d657374616d70223a313731333732323239343034327d	send_email	default
6172cba7-817c-45db-8b00-2736c9568ab3	enqueued	2024-04-22 01:14:35.071086+05:30	2024-04-22 01:14:35.071086+05:30	\\x7b2271756575655f6e616d65223a2264656661756c74222c226163746f725f6e616d65223a2273656e645f656d61696c222c2261726773223a5b5d2c226b7761726773223a7b22746f5f656d61696c223a2272706f6f76656e64726170616e6469406f75746c6f6f6b2e636f6d222c22626f6479223a225468652053797374656d2047656e6572617465642050617373776f726420666f72205a65726f20546f204865726f204c6f67696e20666f72205573657220546573742055736572204f6e652069732051243574414971764d222c227375626a656374223a225a65726f20546f204865726f204c6f67696e2043726564656e7469616c73227d2c226f7074696f6e73223a7b7d2c226d6573736167655f6964223a2236313732636261372d383137632d343564622d386230302d323733366339353638616233222c226d6573736167655f74696d657374616d70223a313731333732383637343939317d	send_email	default
d451a13f-edf5-424a-be33-f7c3e20dfb94	enqueued	2024-04-22 01:17:11.37981+05:30	2024-04-22 01:18:54.033256+05:30	\\x7b2271756575655f6e616d65223a2264656661756c74222c226163746f725f6e616d65223a2273656e645f656d61696c222c2261726773223a5b5d2c226b7761726773223a7b22746f5f656d61696c223a2272706f6f76656e64726170616e6469406f75746c6f6f6b2e636f6d222c22626f6479223a225468652053797374656d2047656e6572617465642050617373776f726420666f72205a65726f20546f204865726f204c6f67696e20666f72205573657220546573742055736572204f6e65206973205474487e6473573442222c227375626a656374223a225a65726f20546f204865726f204c6f67696e2043726564656e7469616c73227d2c226f7074696f6e73223a7b2272657472696573223a332c2274726163656261636b223a2254726163656261636b20286d6f737420726563656e742063616c6c206c617374293a5c6e202046696c65205c22673a5c5c6d7970726f6a656374735c5c7a32685c5c76656e765c5c6c69625c5c736974652d7061636b616765735c5c6472616d617469715c5c776f726b65722e70795c222c206c696e65203438352c20696e2070726f636573735f6d6573736167655c6e20202020726573203d206163746f72282a6d6573736167652e617267732c202a2a6d6573736167652e6b7761726773295c6e202046696c65205c22673a5c5c6d7970726f6a656374735c5c7a32685c5c76656e765c5c6c69625c5c736974652d7061636b616765735c5c6472616d617469715c5c6163746f722e70795c222c206c696e65203138322c20696e205f5f63616c6c5f5f5c6e2020202072657475726e2073656c662e666e282a617267732c202a2a6b7761726773295c6e547970654572726f723a2073656e645f656d61696c282920676f7420616e20756e6578706563746564206b6579776f726420617267756d656e742027626f6479275c6e227d2c226d6573736167655f6964223a2264343531613133662d656466352d343234612d626533332d663763336532306466623934222c226d6573736167655f74696d657374616d70223a313731333732383833313333377d	send_email	default
5602493d-322e-4a1a-ab4a-76ee6d3c570b	enqueued	2024-04-22 01:25:25.752793+05:30	2024-04-22 01:25:25.752793+05:30	\\x7b2271756575655f6e616d65223a2264656661756c74222c226163746f725f6e616d65223a2273656e645f656d61696c222c2261726773223a5b5d2c226b7761726773223a7b22746f5f656d61696c223a2272706f6f76656e64726170616e6469406f75746c6f6f6b2e636f6d222c22626f6479223a225468652053797374656d2047656e6572617465642050617373776f726420666f72205a65726f20546f204865726f204c6f67696e20666f72205573657220546573742055736572204f6e652069732050476c646229364262222c227375626a656374223a225a65726f20546f204865726f204c6f67696e2043726564656e7469616c73227d2c226f7074696f6e73223a7b7d2c226d6573736167655f6964223a2235363032343933642d333232652d346131612d616234612d373665653664336335373062222c226d6573736167655f74696d657374616d70223a313731333732393332353731337d	send_email	default
585d6d63-c746-4c2a-94e5-2ff5e604b7e6	enqueued	2024-04-22 01:28:24.627053+05:30	2024-04-22 01:28:24.627053+05:30	\\x7b2271756575655f6e616d65223a2264656661756c74222c226163746f725f6e616d65223a2273656e645f656d61696c222c2261726773223a5b5d2c226b7761726773223a7b22746f5f656d61696c223a2272706f6f76656e64726170616e6469406f75746c6f6f6b2e636f6d222c22626f6479223a225468652053797374656d2047656e6572617465642050617373776f726420666f72205a65726f20546f204865726f204c6f67696e20666f72205573657220546573742055736572204f6e6520697320763d42594447394173222c227375626a656374223a225a65726f20546f204865726f204c6f67696e2043726564656e7469616c73227d2c226f7074696f6e73223a7b7d2c226d6573736167655f6964223a2235383564366436332d633734362d346332612d393465352d326666356536303462376536222c226d6573736167655f74696d657374616d70223a313731333732393530343539377d	send_email	default
369d8e3a-1187-4e0a-bb6f-ca32f4a24737	enqueued	2024-04-22 01:53:48.462575+05:30	2024-04-22 01:53:48.462575+05:30	\\x7b2271756575655f6e616d65223a2264656661756c74222c226163746f725f6e616d65223a2273656e645f656d61696c222c2261726773223a5b5d2c226b7761726773223a7b22746f5f656d61696c223a2272706f6f76656e64726170616e6469406f75746c6f6f6b2e636f6d222c22626f6479223a225468652053797374656d2047656e6572617465642050617373776f7264206f66205a65726f20546f204865726f204c6f67696e20666f722055736572204e65772055736572206973206d46507760325a4774222c227375626a656374223a225a65726f20546f204865726f204c6f67696e2043726564656e7469616c73227d2c226f7074696f6e73223a7b7d2c226d6573736167655f6964223a2233363964386533612d313138372d346530612d626236662d636133326634613234373337222c226d6573736167655f74696d657374616d70223a313731333733313032383434307d	send_email	default
\.


--
-- Data for Name: django_migrations; Type: TABLE DATA; Schema: public; Owner: z2huser
--

COPY public.django_migrations (id, app, name, applied) FROM stdin;
1	utils	0001_initial	2024-04-21 18:23:44.156968+05:30
2	contenttypes	0001_initial	2024-04-21 18:23:44.171091+05:30
3	contenttypes	0002_remove_content_type_name	2024-04-21 18:23:44.193263+05:30
4	auth	0001_initial	2024-04-21 18:23:44.27759+05:30
5	auth	0002_alter_permission_name_max_length	2024-04-21 18:23:44.293253+05:30
6	auth	0003_alter_user_email_max_length	2024-04-21 18:23:44.293253+05:30
7	auth	0004_alter_user_username_opts	2024-04-21 18:23:44.315663+05:30
8	auth	0005_alter_user_last_login_null	2024-04-21 18:23:44.329671+05:30
9	auth	0006_require_contenttypes_0002	2024-04-21 18:23:44.335877+05:30
10	auth	0007_alter_validators_add_error_messages	2024-04-21 18:23:44.355775+05:30
11	auth	0008_alter_user_username_max_length	2024-04-21 18:23:44.362772+05:30
12	auth	0009_alter_user_last_name_max_length	2024-04-21 18:23:44.373771+05:30
13	auth	0010_alter_group_name_max_length	2024-04-21 18:23:44.383605+05:30
14	auth	0011_update_proxy_permissions	2024-04-21 18:23:44.393606+05:30
15	auth	0012_alter_user_first_name_max_length	2024-04-21 18:23:44.39867+05:30
16	user	0001_initial	2024-04-21 18:23:44.717705+05:30
17	admin	0001_initial	2024-04-21 18:23:44.780235+05:30
18	admin	0002_logentry_remove_auto_add	2024-04-21 18:23:44.795827+05:30
19	admin	0003_logentry_add_action_flag_choices	2024-04-21 18:23:44.811451+05:30
20	app	0001_initial	2024-04-21 18:23:45.056169+05:30
21	app	0002_initial	2024-04-21 18:23:45.198298+05:30
22	authtoken	0001_initial	2024-04-21 18:23:45.268962+05:30
23	authtoken	0002_auto_20160226_1747	2024-04-21 18:23:45.407246+05:30
24	authtoken	0003_tokenproxy	2024-04-21 18:23:45.422879+05:30
25	sessions	0001_initial	2024-04-21 18:23:45.454119+05:30
26	user	0002_alter_z2hcustomers_plan_end_date	2024-04-21 18:39:04.345755+05:30
27	django_dramatiq	0001_initial	2024-04-21 23:48:57.350314+05:30
28	django_dramatiq	0002_auto_20191104_1354	2024-04-21 23:48:57.444064+05:30
29	django_dramatiq	0003_auto_20200204_0842	2024-04-21 23:48:57.444064+05:30
30	user	0003_z2huser_is_first_login	2024-04-22 21:15:23.458073+05:30
31	app	0003_z2hadvertisements	2024-04-22 21:47:33.966515+05:30
32	app	0004_z2hproducts_hsn_code	2024-04-27 18:20:37.493658+05:30
33	user	0004_alter_z2hcustomers_plan_end_date_and_more	2024-04-27 18:41:11.120398+05:30
34	user	0005_z2huserroles	2024-04-29 22:55:03.936357+05:30
35	app	0005_z2hwebpageroles_z2hwebpages	2024-05-01 10:55:44.193473+05:30
36	user	0006_registeruser_alternate_mobile_number	2024-05-04 22:12:52.826013+05:30
37	user	0007_alter_registeruser_referred_by	2024-05-04 22:37:36.779182+05:30
38	app	0006_z2hplandetails_is_flat_z2hplandetails_is_percentage_and_more	2024-05-13 22:25:06.831539+05:30
39	app	0007_rename_is_flat_z2hplandetails_is_level_four_flat_and_more	2024-05-13 23:47:30.701556+05:30
40	app	0008_z2hplandetails_level_four_flat_value_and_more	2024-05-19 19:48:31.570165+05:30
41	app	0009_z2hplandetails_level_two_flat_value	2024-05-19 20:36:51.074057+05:30
42	app	0010_z2horders_courier_date	2024-05-20 21:22:57.518719+05:30
43	user	0008_z2hcustomers_is_admin_user	2024-05-22 23:17:34.494086+05:30
44	user	0009_z2hcustomers_is_level_four_commission_paid_and_more	2024-05-24 23:27:19.799203+05:30
45	user	0010_alter_registeruser_marital_status	2024-05-27 23:33:55.970522+05:30
46	app	0011_z2horders_customer	2024-05-27 23:33:56.363198+05:30
47	utils	0002_z2hsettings	2024-05-27 23:49:33.942476+05:30
48	app	0012_z2horders_order_number	2024-05-28 00:04:05.67581+05:30
49	user	0011_z2hcustomers_customer_number	2024-05-28 00:04:05.832078+05:30
50	app	0013_z2horderitems_order_item_number_and_more	2024-06-01 00:07:47.359409+05:30
51	user	0012_registeruser_is_admin_user	2024-06-01 00:55:18.096203+05:30
52	app	0014_z2horders_tds_amount_z2horders_tds_percentage	2024-06-01 16:15:51.808557+05:30
53	app	0015_rename_tds_amount_z2horders_total_product_price_and_more	2024-06-01 16:34:12.063663+05:30
54	app	0016_z2hproductcategories_category_code_and_more	2024-06-01 22:58:55.273595+05:30
55	app	0017_z2hproducts_plan	2024-06-04 07:25:40.69322+05:30
\.


--
-- Data for Name: django_session; Type: TABLE DATA; Schema: public; Owner: z2huser
--

COPY public.django_session (session_key, session_data, expire_date) FROM stdin;
\.


--
-- Data for Name: user_registeruser; Type: TABLE DATA; Schema: public; Owner: z2huser
--

COPY public.user_registeruser (id, created, modified, is_active, uid, name, nominee_name, date_of_birth, marital_status, gender, aadhar_number, pan, mobile_number, city, town, address, pin_code, name_of_bank, name_as_in_bank, ifsc_code, bank_branch, account_number, profile_photo_path, email_address, district_id, referred_by_id, role_id, user_id, alternate_mobile_number, is_admin_user) FROM stdin;
1	2024-04-21 18:26:29.987+05:30	2024-04-21 18:26:29.987+05:30	t	6d6bec3a-5956-4a67-b59f-b127df5af449	Admin	Admin	1974-05-25	married	male	123456798905	DFJJN6704L	1234567890	Madurai	Madurai	Aarapalayam, Madurai	624687	HDFC	Sundaram K	HDFC023451	Aarapalayam	5001245784933	\N	sundaram@gmail.com	1	1	1	1	1234567899	t
\.


--
-- Data for Name: user_role; Type: TABLE DATA; Schema: public; Owner: z2huser
--

COPY public.user_role (id, created, modified, is_active, uid, name, description, login_mode) FROM stdin;
1	2024-03-14 21:53:56.178+05:30	2024-03-14 21:53:56.178+05:30	t	138f89b3-555f-45e0-96c9-b1f78d58f87b	Superadmin	Controls all application	web
3	2024-03-14 21:53:56.178+05:30	2024-03-14 21:53:56.178+05:30	t	f710797f-9967-48f8-8773-da5ace25ca25	Admin	Customer Admin	web
4	2024-03-14 21:53:56.178+05:30	2024-03-14 21:53:56.178+05:30	t	c7e456dc-2aa5-4607-8e2c-690b6368f51d	Telecaller	Telecaller	web
5	2024-03-14 21:53:56.178+05:30	2024-03-14 21:53:56.178+05:30	t	f677a99c-d8a4-4708-b021-e2c6435418a2	Finance	Accounting	web
2	2024-03-14 21:53:56.178+05:30	2024-03-14 21:53:56.178+05:30	t	e182f65f-2b1b-4b84-bd26-f4d54eae89f5	Customer	Buyers of company products	mobile
\.


--
-- Data for Name: user_z2hcustomers; Type: TABLE DATA; Schema: public; Owner: z2huser
--

COPY public.user_z2hcustomers (id, created, modified, is_active, uid, active_plan_uid, plan_start_date, plan_end_date, is_level_one_completed, is_level_two_completed, is_level_three_completed, is_level_four_completed, referrer_id, user_id, is_admin_user, is_level_four_commission_paid, is_level_one_commission_paid, is_level_three_commission_paid, is_level_two_commission_paid, level_four_commission_details, level_four_completed_date, level_one_commission_details, level_one_completed_date, level_three_commission_details, level_three_completed_date, level_two_commission_details, level_two_completed_date, customer_number) FROM stdin;
1	2024-04-21 18:26:29.987+05:30	2024-05-24 01:04:47.022288+05:30	t	73affe56-7187-4d5d-8bfe-e841766d06ed	de6c5441-ce67-4d41-bdf8-a19261d2647f	2024-04-21 18:26:29.987+05:30	\N	t	t	t	t	1	1	t	f	f	f	f	{}	\N	{}	\N	{}	\N	{}	\N	ZTHCUS100
\.


--
-- Data for Name: user_z2huser; Type: TABLE DATA; Schema: public; Owner: z2huser
--

COPY public.user_z2huser (id, password, last_login, created, modified, uid, email, name, is_staff, is_active, is_superuser, is_password_updated, is_first_login) FROM stdin;
1	pbkdf2_sha256$600000$jaxV7HwsHMqkShnJK2VvXJ$JmzsRkEUQ+tFd5NifdIYpp6LSCY+RF6q00Fw9mWS7zU=	\N	2024-04-21 18:26:29.987729+05:30	2024-04-27 17:01:15.406926+05:30	51223cfb-f2a1-47f7-918c-4d991199810a	admin@z2h.com	Admin User	t	t	t	f	f
\.


--
-- Data for Name: user_z2huser_groups; Type: TABLE DATA; Schema: public; Owner: z2huser
--

COPY public.user_z2huser_groups (id, z2huser_id, group_id) FROM stdin;
\.


--
-- Data for Name: user_z2huser_user_permissions; Type: TABLE DATA; Schema: public; Owner: z2huser
--

COPY public.user_z2huser_user_permissions (id, z2huser_id, permission_id) FROM stdin;
\.


--
-- Data for Name: user_z2huserroles; Type: TABLE DATA; Schema: public; Owner: z2huser
--

COPY public.user_z2huserroles (id, created, modified, is_active, uid, user_uid, role_uid) FROM stdin;
1	2024-04-27 23:56:45.607+05:30	2024-04-27 23:56:45.607+05:30	t	b524825f-e5f0-47ab-8b0c-284fa9333e43	51223cfb-f2a1-47f7-918c-4d991199810a	138f89b3-555f-45e0-96c9-b1f78d58f87b
2	2024-05-26 15:46:11.260022+05:30	2024-05-26 15:46:11.260022+05:30	t	d4d6914f-eb34-4fc4-8495-b98e438cd902	160f13e8-8fc8-4a33-8772-5cb5bf8422e5	f710797f-9967-48f8-8773-da5ace25ca25
\.


--
-- Data for Name: utils_district; Type: TABLE DATA; Schema: public; Owner: z2huser
--

COPY public.utils_district (id, created, modified, is_active, uid, name, state_id) FROM stdin;
1	2024-03-14 21:53:56.178+05:30	2024-03-14 21:53:56.178+05:30	t	b8ef0371-4f52-49a8-af39-d6df2a811e8a	Madurai	1
2	2024-03-14 21:53:56.178+05:30	2024-03-14 21:53:56.178+05:30	t	4ab09bc4-d381-4972-93d3-2ea1a0512073	Dindigul	1
3	2024-03-14 21:53:56.178+05:30	2024-03-14 21:53:56.178+05:30	t	6ee02a4f-32e3-428d-a1c3-99b20cec9c6b	Bengaluru	2
4	2024-03-14 21:53:56.178+05:30	2024-03-14 21:53:56.178+05:30	t	4dd4580d-f21e-4b79-ba80-067960bf4e2e	Hubli	2
\.


--
-- Data for Name: utils_state; Type: TABLE DATA; Schema: public; Owner: z2huser
--

COPY public.utils_state (id, created, modified, is_active, uid, name) FROM stdin;
1	2024-03-14 21:53:56.178+05:30	2024-03-14 21:53:56.178+05:30	t	128a1357-54d0-4bdb-aa54-bf48335c67dc	Tamil Nadu
2	2024-03-14 21:53:56.178+05:30	2024-03-14 21:53:56.178+05:30	t	7202475c-553c-497b-98bb-155c05bd773a	Karnataka
\.


--
-- Data for Name: utils_z2hsettings; Type: TABLE DATA; Schema: public; Owner: z2huser
--

COPY public.utils_z2hsettings (id, created, modified, is_active, uid, name, description, value) FROM stdin;
1	2024-05-23 21:58:29.715+05:30	2024-05-23 21:58:29.715+05:30	t	97f32bf2-a9a6-4e5c-be6f-45db127b7a7e	order_number_text	Order Number Text	ORDZTH
3	2024-05-23 21:58:29.715+05:30	2024-05-23 21:58:29.715+05:30	t	3e9055fa-60aa-48f8-b42f-a79b8dbe5586	customer_number_text	Customer Number Text	ZTHCUS
5	2024-05-23 21:58:29.715+05:30	2024-05-23 21:58:29.715+05:30	t	1950a39e-d654-427a-9e67-bfa2c65c719f	order_item_number_text	Order Item Number Text	ORDZ2HITM
7	2024-06-01 16:49:04.15+05:30	2024-06-01 16:49:04.15+05:30	t	d3a37e7d-737a-4faa-9105-58c364a60f50	product_category_code	Product Category Code	PRODCATZTH
9	2024-06-01 16:49:04.15+05:30	2024-06-01 16:49:04.15+05:30	t	3ac599e9-2110-40be-8d94-da02edbe45d4	product_sub_category_code	Product Sub Category Code	PRODSUBCATZTH
11	2024-06-01 16:49:04.15+05:30	2024-06-01 16:49:04.15+05:30	t	9aae53d5-8821-4c14-b3c2-9891cbcf6792	product_code	Product Code	PRODZTH
4	2024-05-23 21:58:29.715+05:30	2024-06-01 16:49:04.228891+05:30	t	fe0548e2-8d91-4520-936b-da611f755685	customer_number_value	Customer Number Value	101
2	2024-05-23 21:58:29.715+05:30	2024-06-01 16:49:04.048047+05:30	t	52c8a165-7aea-40e8-aa28-bd9371c8de22	order_number_sequence	Order Number Sequence	1
6	2024-05-23 21:58:29.715+05:30	2024-06-01 16:49:04.150891+05:30	t	4385b102-9482-446a-9808-b54e1dd6f1dd	order_item_number_sequence	Order Item Number Value	1
12	2024-06-01 16:49:04.15+05:30	2024-06-01 16:49:04.15+05:30	t	d71fe471-bf4d-4c12-86ce-482baf5a39fb	prod_code_sequence	Product Code Sequence	1
8	2024-06-01 16:49:04.15+05:30	2024-06-02 02:18:16.569924+05:30	t	0c277ae0-ba90-4cfa-b6b0-1a3cf27058af	product_category_sequence	Product Category Sequence	5
10	2024-06-01 16:49:04.15+05:30	2024-06-04 07:09:55.001341+05:30	t	457ab957-8ce1-4196-ab41-7398fbf28d2e	product_sub_category_sequence	Product Sub Category Sequence	6
\.


--
-- Name: app_z2hadvertisements_id_seq; Type: SEQUENCE SET; Schema: public; Owner: z2huser
--

SELECT pg_catalog.setval('public.app_z2hadvertisements_id_seq', 1, false);


--
-- Name: app_z2horderitems_id_seq; Type: SEQUENCE SET; Schema: public; Owner: z2huser
--

SELECT pg_catalog.setval('public.app_z2horderitems_id_seq', 8, true);


--
-- Name: app_z2horders_id_seq; Type: SEQUENCE SET; Schema: public; Owner: z2huser
--

SELECT pg_catalog.setval('public.app_z2horders_id_seq', 7, true);


--
-- Name: app_z2hplandetails_id_seq; Type: SEQUENCE SET; Schema: public; Owner: z2huser
--

SELECT pg_catalog.setval('public.app_z2hplandetails_id_seq', 5, true);


--
-- Name: app_z2hproductcategories_id_seq; Type: SEQUENCE SET; Schema: public; Owner: z2huser
--

SELECT pg_catalog.setval('public.app_z2hproductcategories_id_seq', 9, true);


--
-- Name: app_z2hproductimages_id_seq; Type: SEQUENCE SET; Schema: public; Owner: z2huser
--

SELECT pg_catalog.setval('public.app_z2hproductimages_id_seq', 1, false);


--
-- Name: app_z2hproducts_id_seq; Type: SEQUENCE SET; Schema: public; Owner: z2huser
--

SELECT pg_catalog.setval('public.app_z2hproducts_id_seq', 3, true);


--
-- Name: app_z2hproductsubcategories_id_seq; Type: SEQUENCE SET; Schema: public; Owner: z2huser
--

SELECT pg_catalog.setval('public.app_z2hproductsubcategories_id_seq', 6, true);


--
-- Name: app_z2hwebpageroles_id_seq; Type: SEQUENCE SET; Schema: public; Owner: z2huser
--

SELECT pg_catalog.setval('public.app_z2hwebpageroles_id_seq', 43, true);


--
-- Name: app_z2hwebpages_id_seq; Type: SEQUENCE SET; Schema: public; Owner: z2huser
--

SELECT pg_catalog.setval('public.app_z2hwebpages_id_seq', 7, false);


--
-- Name: auth_group_id_seq; Type: SEQUENCE SET; Schema: public; Owner: z2huser
--

SELECT pg_catalog.setval('public.auth_group_id_seq', 1, false);


--
-- Name: auth_group_permissions_id_seq; Type: SEQUENCE SET; Schema: public; Owner: z2huser
--

SELECT pg_catalog.setval('public.auth_group_permissions_id_seq', 1, false);


--
-- Name: auth_permission_id_seq; Type: SEQUENCE SET; Schema: public; Owner: z2huser
--

SELECT pg_catalog.setval('public.auth_permission_id_seq', 104, true);


--
-- Name: django_admin_log_id_seq; Type: SEQUENCE SET; Schema: public; Owner: z2huser
--

SELECT pg_catalog.setval('public.django_admin_log_id_seq', 1, false);


--
-- Name: django_content_type_id_seq; Type: SEQUENCE SET; Schema: public; Owner: z2huser
--

SELECT pg_catalog.setval('public.django_content_type_id_seq', 26, true);


--
-- Name: django_migrations_id_seq; Type: SEQUENCE SET; Schema: public; Owner: z2huser
--

SELECT pg_catalog.setval('public.django_migrations_id_seq', 55, true);


--
-- Name: user_registeruser_id_seq; Type: SEQUENCE SET; Schema: public; Owner: z2huser
--

SELECT pg_catalog.setval('public.user_registeruser_id_seq', 10, true);


--
-- Name: user_role_id_seq; Type: SEQUENCE SET; Schema: public; Owner: z2huser
--

SELECT pg_catalog.setval('public.user_role_id_seq', 2, true);


--
-- Name: user_z2hcustomers_id_seq; Type: SEQUENCE SET; Schema: public; Owner: z2huser
--

SELECT pg_catalog.setval('public.user_z2hcustomers_id_seq', 8, true);


--
-- Name: user_z2huser_groups_id_seq; Type: SEQUENCE SET; Schema: public; Owner: z2huser
--

SELECT pg_catalog.setval('public.user_z2huser_groups_id_seq', 1, false);


--
-- Name: user_z2huser_id_seq; Type: SEQUENCE SET; Schema: public; Owner: z2huser
--

SELECT pg_catalog.setval('public.user_z2huser_id_seq', 10, true);


--
-- Name: user_z2huser_user_permissions_id_seq; Type: SEQUENCE SET; Schema: public; Owner: z2huser
--

SELECT pg_catalog.setval('public.user_z2huser_user_permissions_id_seq', 1, false);


--
-- Name: user_z2huserroles_id_seq; Type: SEQUENCE SET; Schema: public; Owner: z2huser
--

SELECT pg_catalog.setval('public.user_z2huserroles_id_seq', 2, true);


--
-- Name: utils_district_id_seq; Type: SEQUENCE SET; Schema: public; Owner: z2huser
--

SELECT pg_catalog.setval('public.utils_district_id_seq', 2, true);


--
-- Name: utils_state_id_seq; Type: SEQUENCE SET; Schema: public; Owner: z2huser
--

SELECT pg_catalog.setval('public.utils_state_id_seq', 1, true);


--
-- Name: utils_z2hsettings_id_seq; Type: SEQUENCE SET; Schema: public; Owner: z2huser
--

SELECT pg_catalog.setval('public.utils_z2hsettings_id_seq', 1, false);


--
-- Name: app_z2hadvertisements app_z2hadvertisements_pkey; Type: CONSTRAINT; Schema: public; Owner: z2huser
--

ALTER TABLE ONLY public.app_z2hadvertisements
    ADD CONSTRAINT app_z2hadvertisements_pkey PRIMARY KEY (id);


--
-- Name: app_z2hadvertisements app_z2hadvertisements_uid_key; Type: CONSTRAINT; Schema: public; Owner: z2huser
--

ALTER TABLE ONLY public.app_z2hadvertisements
    ADD CONSTRAINT app_z2hadvertisements_uid_key UNIQUE (uid);


--
-- Name: app_z2horderitems app_z2horderitems_pkey; Type: CONSTRAINT; Schema: public; Owner: z2huser
--

ALTER TABLE ONLY public.app_z2horderitems
    ADD CONSTRAINT app_z2horderitems_pkey PRIMARY KEY (id);


--
-- Name: app_z2horderitems app_z2horderitems_uid_key; Type: CONSTRAINT; Schema: public; Owner: z2huser
--

ALTER TABLE ONLY public.app_z2horderitems
    ADD CONSTRAINT app_z2horderitems_uid_key UNIQUE (uid);


--
-- Name: app_z2horders app_z2horders_pkey; Type: CONSTRAINT; Schema: public; Owner: z2huser
--

ALTER TABLE ONLY public.app_z2horders
    ADD CONSTRAINT app_z2horders_pkey PRIMARY KEY (id);


--
-- Name: app_z2horders app_z2horders_uid_key; Type: CONSTRAINT; Schema: public; Owner: z2huser
--

ALTER TABLE ONLY public.app_z2horders
    ADD CONSTRAINT app_z2horders_uid_key UNIQUE (uid);


--
-- Name: app_z2hplandetails app_z2hplandetails_pkey; Type: CONSTRAINT; Schema: public; Owner: z2huser
--

ALTER TABLE ONLY public.app_z2hplandetails
    ADD CONSTRAINT app_z2hplandetails_pkey PRIMARY KEY (id);


--
-- Name: app_z2hplandetails app_z2hplandetails_uid_key; Type: CONSTRAINT; Schema: public; Owner: z2huser
--

ALTER TABLE ONLY public.app_z2hplandetails
    ADD CONSTRAINT app_z2hplandetails_uid_key UNIQUE (uid);


--
-- Name: app_z2hproductcategories app_z2hproductcategories_pkey; Type: CONSTRAINT; Schema: public; Owner: z2huser
--

ALTER TABLE ONLY public.app_z2hproductcategories
    ADD CONSTRAINT app_z2hproductcategories_pkey PRIMARY KEY (id);


--
-- Name: app_z2hproductcategories app_z2hproductcategories_uid_key; Type: CONSTRAINT; Schema: public; Owner: z2huser
--

ALTER TABLE ONLY public.app_z2hproductcategories
    ADD CONSTRAINT app_z2hproductcategories_uid_key UNIQUE (uid);


--
-- Name: app_z2hproductimages app_z2hproductimages_pkey; Type: CONSTRAINT; Schema: public; Owner: z2huser
--

ALTER TABLE ONLY public.app_z2hproductimages
    ADD CONSTRAINT app_z2hproductimages_pkey PRIMARY KEY (id);


--
-- Name: app_z2hproductimages app_z2hproductimages_uid_key; Type: CONSTRAINT; Schema: public; Owner: z2huser
--

ALTER TABLE ONLY public.app_z2hproductimages
    ADD CONSTRAINT app_z2hproductimages_uid_key UNIQUE (uid);


--
-- Name: app_z2hproducts app_z2hproducts_pkey; Type: CONSTRAINT; Schema: public; Owner: z2huser
--

ALTER TABLE ONLY public.app_z2hproducts
    ADD CONSTRAINT app_z2hproducts_pkey PRIMARY KEY (id);


--
-- Name: app_z2hproducts app_z2hproducts_uid_key; Type: CONSTRAINT; Schema: public; Owner: z2huser
--

ALTER TABLE ONLY public.app_z2hproducts
    ADD CONSTRAINT app_z2hproducts_uid_key UNIQUE (uid);


--
-- Name: app_z2hproductsubcategories app_z2hproductsubcategories_pkey; Type: CONSTRAINT; Schema: public; Owner: z2huser
--

ALTER TABLE ONLY public.app_z2hproductsubcategories
    ADD CONSTRAINT app_z2hproductsubcategories_pkey PRIMARY KEY (id);


--
-- Name: app_z2hproductsubcategories app_z2hproductsubcategories_uid_key; Type: CONSTRAINT; Schema: public; Owner: z2huser
--

ALTER TABLE ONLY public.app_z2hproductsubcategories
    ADD CONSTRAINT app_z2hproductsubcategories_uid_key UNIQUE (uid);


--
-- Name: app_z2hwebpageroles app_z2hwebpageroles_pkey; Type: CONSTRAINT; Schema: public; Owner: z2huser
--

ALTER TABLE ONLY public.app_z2hwebpageroles
    ADD CONSTRAINT app_z2hwebpageroles_pkey PRIMARY KEY (id);


--
-- Name: app_z2hwebpageroles app_z2hwebpageroles_uid_key; Type: CONSTRAINT; Schema: public; Owner: z2huser
--

ALTER TABLE ONLY public.app_z2hwebpageroles
    ADD CONSTRAINT app_z2hwebpageroles_uid_key UNIQUE (uid);


--
-- Name: app_z2hwebpages app_z2hwebpages_pkey; Type: CONSTRAINT; Schema: public; Owner: z2huser
--

ALTER TABLE ONLY public.app_z2hwebpages
    ADD CONSTRAINT app_z2hwebpages_pkey PRIMARY KEY (id);


--
-- Name: app_z2hwebpages app_z2hwebpages_uid_key; Type: CONSTRAINT; Schema: public; Owner: z2huser
--

ALTER TABLE ONLY public.app_z2hwebpages
    ADD CONSTRAINT app_z2hwebpages_uid_key UNIQUE (uid);


--
-- Name: auth_group auth_group_name_key; Type: CONSTRAINT; Schema: public; Owner: z2huser
--

ALTER TABLE ONLY public.auth_group
    ADD CONSTRAINT auth_group_name_key UNIQUE (name);


--
-- Name: auth_group_permissions auth_group_permissions_group_id_permission_id_0cd325b0_uniq; Type: CONSTRAINT; Schema: public; Owner: z2huser
--

ALTER TABLE ONLY public.auth_group_permissions
    ADD CONSTRAINT auth_group_permissions_group_id_permission_id_0cd325b0_uniq UNIQUE (group_id, permission_id);


--
-- Name: auth_group_permissions auth_group_permissions_pkey; Type: CONSTRAINT; Schema: public; Owner: z2huser
--

ALTER TABLE ONLY public.auth_group_permissions
    ADD CONSTRAINT auth_group_permissions_pkey PRIMARY KEY (id);


--
-- Name: auth_group auth_group_pkey; Type: CONSTRAINT; Schema: public; Owner: z2huser
--

ALTER TABLE ONLY public.auth_group
    ADD CONSTRAINT auth_group_pkey PRIMARY KEY (id);


--
-- Name: auth_permission auth_permission_content_type_id_codename_01ab375a_uniq; Type: CONSTRAINT; Schema: public; Owner: z2huser
--

ALTER TABLE ONLY public.auth_permission
    ADD CONSTRAINT auth_permission_content_type_id_codename_01ab375a_uniq UNIQUE (content_type_id, codename);


--
-- Name: auth_permission auth_permission_pkey; Type: CONSTRAINT; Schema: public; Owner: z2huser
--

ALTER TABLE ONLY public.auth_permission
    ADD CONSTRAINT auth_permission_pkey PRIMARY KEY (id);


--
-- Name: authtoken_token authtoken_token_pkey; Type: CONSTRAINT; Schema: public; Owner: z2huser
--

ALTER TABLE ONLY public.authtoken_token
    ADD CONSTRAINT authtoken_token_pkey PRIMARY KEY (key);


--
-- Name: authtoken_token authtoken_token_user_id_key; Type: CONSTRAINT; Schema: public; Owner: z2huser
--

ALTER TABLE ONLY public.authtoken_token
    ADD CONSTRAINT authtoken_token_user_id_key UNIQUE (user_id);


--
-- Name: django_admin_log django_admin_log_pkey; Type: CONSTRAINT; Schema: public; Owner: z2huser
--

ALTER TABLE ONLY public.django_admin_log
    ADD CONSTRAINT django_admin_log_pkey PRIMARY KEY (id);


--
-- Name: django_content_type django_content_type_app_label_model_76bd3d3b_uniq; Type: CONSTRAINT; Schema: public; Owner: z2huser
--

ALTER TABLE ONLY public.django_content_type
    ADD CONSTRAINT django_content_type_app_label_model_76bd3d3b_uniq UNIQUE (app_label, model);


--
-- Name: django_content_type django_content_type_pkey; Type: CONSTRAINT; Schema: public; Owner: z2huser
--

ALTER TABLE ONLY public.django_content_type
    ADD CONSTRAINT django_content_type_pkey PRIMARY KEY (id);


--
-- Name: django_dramatiq_task django_dramatiq_task_pkey; Type: CONSTRAINT; Schema: public; Owner: z2huser
--

ALTER TABLE ONLY public.django_dramatiq_task
    ADD CONSTRAINT django_dramatiq_task_pkey PRIMARY KEY (id);


--
-- Name: django_migrations django_migrations_pkey; Type: CONSTRAINT; Schema: public; Owner: z2huser
--

ALTER TABLE ONLY public.django_migrations
    ADD CONSTRAINT django_migrations_pkey PRIMARY KEY (id);


--
-- Name: django_session django_session_pkey; Type: CONSTRAINT; Schema: public; Owner: z2huser
--

ALTER TABLE ONLY public.django_session
    ADD CONSTRAINT django_session_pkey PRIMARY KEY (session_key);


--
-- Name: user_registeruser user_registeruser_mobile_number_key; Type: CONSTRAINT; Schema: public; Owner: z2huser
--

ALTER TABLE ONLY public.user_registeruser
    ADD CONSTRAINT user_registeruser_mobile_number_key UNIQUE (mobile_number);


--
-- Name: user_registeruser user_registeruser_pkey; Type: CONSTRAINT; Schema: public; Owner: z2huser
--

ALTER TABLE ONLY public.user_registeruser
    ADD CONSTRAINT user_registeruser_pkey PRIMARY KEY (id);


--
-- Name: user_registeruser user_registeruser_uid_key; Type: CONSTRAINT; Schema: public; Owner: z2huser
--

ALTER TABLE ONLY public.user_registeruser
    ADD CONSTRAINT user_registeruser_uid_key UNIQUE (uid);


--
-- Name: user_registeruser user_registeruser_user_id_key; Type: CONSTRAINT; Schema: public; Owner: z2huser
--

ALTER TABLE ONLY public.user_registeruser
    ADD CONSTRAINT user_registeruser_user_id_key UNIQUE (user_id);


--
-- Name: user_role user_role_pkey; Type: CONSTRAINT; Schema: public; Owner: z2huser
--

ALTER TABLE ONLY public.user_role
    ADD CONSTRAINT user_role_pkey PRIMARY KEY (id);


--
-- Name: user_role user_role_uid_key; Type: CONSTRAINT; Schema: public; Owner: z2huser
--

ALTER TABLE ONLY public.user_role
    ADD CONSTRAINT user_role_uid_key UNIQUE (uid);


--
-- Name: user_z2hcustomers user_z2hcustomers_pkey; Type: CONSTRAINT; Schema: public; Owner: z2huser
--

ALTER TABLE ONLY public.user_z2hcustomers
    ADD CONSTRAINT user_z2hcustomers_pkey PRIMARY KEY (id);


--
-- Name: user_z2hcustomers user_z2hcustomers_uid_key; Type: CONSTRAINT; Schema: public; Owner: z2huser
--

ALTER TABLE ONLY public.user_z2hcustomers
    ADD CONSTRAINT user_z2hcustomers_uid_key UNIQUE (uid);


--
-- Name: user_z2huser user_z2huser_email_key; Type: CONSTRAINT; Schema: public; Owner: z2huser
--

ALTER TABLE ONLY public.user_z2huser
    ADD CONSTRAINT user_z2huser_email_key UNIQUE (email);


--
-- Name: user_z2huser_groups user_z2huser_groups_pkey; Type: CONSTRAINT; Schema: public; Owner: z2huser
--

ALTER TABLE ONLY public.user_z2huser_groups
    ADD CONSTRAINT user_z2huser_groups_pkey PRIMARY KEY (id);


--
-- Name: user_z2huser_groups user_z2huser_groups_z2huser_id_group_id_fda505e3_uniq; Type: CONSTRAINT; Schema: public; Owner: z2huser
--

ALTER TABLE ONLY public.user_z2huser_groups
    ADD CONSTRAINT user_z2huser_groups_z2huser_id_group_id_fda505e3_uniq UNIQUE (z2huser_id, group_id);


--
-- Name: user_z2huser user_z2huser_pkey; Type: CONSTRAINT; Schema: public; Owner: z2huser
--

ALTER TABLE ONLY public.user_z2huser
    ADD CONSTRAINT user_z2huser_pkey PRIMARY KEY (id);


--
-- Name: user_z2huser user_z2huser_uid_key; Type: CONSTRAINT; Schema: public; Owner: z2huser
--

ALTER TABLE ONLY public.user_z2huser
    ADD CONSTRAINT user_z2huser_uid_key UNIQUE (uid);


--
-- Name: user_z2huser_user_permissions user_z2huser_user_permis_z2huser_id_permission_id_a98e847d_uniq; Type: CONSTRAINT; Schema: public; Owner: z2huser
--

ALTER TABLE ONLY public.user_z2huser_user_permissions
    ADD CONSTRAINT user_z2huser_user_permis_z2huser_id_permission_id_a98e847d_uniq UNIQUE (z2huser_id, permission_id);


--
-- Name: user_z2huser_user_permissions user_z2huser_user_permissions_pkey; Type: CONSTRAINT; Schema: public; Owner: z2huser
--

ALTER TABLE ONLY public.user_z2huser_user_permissions
    ADD CONSTRAINT user_z2huser_user_permissions_pkey PRIMARY KEY (id);


--
-- Name: user_z2huserroles user_z2huserroles_pkey; Type: CONSTRAINT; Schema: public; Owner: z2huser
--

ALTER TABLE ONLY public.user_z2huserroles
    ADD CONSTRAINT user_z2huserroles_pkey PRIMARY KEY (id);


--
-- Name: user_z2huserroles user_z2huserroles_uid_key; Type: CONSTRAINT; Schema: public; Owner: z2huser
--

ALTER TABLE ONLY public.user_z2huserroles
    ADD CONSTRAINT user_z2huserroles_uid_key UNIQUE (uid);


--
-- Name: utils_district utils_district_pkey; Type: CONSTRAINT; Schema: public; Owner: z2huser
--

ALTER TABLE ONLY public.utils_district
    ADD CONSTRAINT utils_district_pkey PRIMARY KEY (id);


--
-- Name: utils_district utils_district_uid_key; Type: CONSTRAINT; Schema: public; Owner: z2huser
--

ALTER TABLE ONLY public.utils_district
    ADD CONSTRAINT utils_district_uid_key UNIQUE (uid);


--
-- Name: utils_state utils_state_pkey; Type: CONSTRAINT; Schema: public; Owner: z2huser
--

ALTER TABLE ONLY public.utils_state
    ADD CONSTRAINT utils_state_pkey PRIMARY KEY (id);


--
-- Name: utils_state utils_state_uid_key; Type: CONSTRAINT; Schema: public; Owner: z2huser
--

ALTER TABLE ONLY public.utils_state
    ADD CONSTRAINT utils_state_uid_key UNIQUE (uid);


--
-- Name: utils_z2hsettings utils_z2hsettings_pkey; Type: CONSTRAINT; Schema: public; Owner: z2huser
--

ALTER TABLE ONLY public.utils_z2hsettings
    ADD CONSTRAINT utils_z2hsettings_pkey PRIMARY KEY (id);


--
-- Name: utils_z2hsettings utils_z2hsettings_uid_key; Type: CONSTRAINT; Schema: public; Owner: z2huser
--

ALTER TABLE ONLY public.utils_z2hsettings
    ADD CONSTRAINT utils_z2hsettings_uid_key UNIQUE (uid);


--
-- Name: app_z2horderitems_order_id_812601c8; Type: INDEX; Schema: public; Owner: z2huser
--

CREATE INDEX app_z2horderitems_order_id_812601c8 ON public.app_z2horderitems USING btree (order_id);


--
-- Name: app_z2horderitems_product_id_711325c6; Type: INDEX; Schema: public; Owner: z2huser
--

CREATE INDEX app_z2horderitems_product_id_711325c6 ON public.app_z2horderitems USING btree (product_id);


--
-- Name: app_z2horders_customer_id_8b9f5abf; Type: INDEX; Schema: public; Owner: z2huser
--

CREATE INDEX app_z2horders_customer_id_8b9f5abf ON public.app_z2horders USING btree (customer_id);


--
-- Name: app_z2horders_ordered_by_id_06ebddcb; Type: INDEX; Schema: public; Owner: z2huser
--

CREATE INDEX app_z2horders_ordered_by_id_06ebddcb ON public.app_z2horders USING btree (ordered_by_id);


--
-- Name: app_z2hproductimages_product_id_b421d3ea; Type: INDEX; Schema: public; Owner: z2huser
--

CREATE INDEX app_z2hproductimages_product_id_b421d3ea ON public.app_z2hproductimages USING btree (product_id);


--
-- Name: app_z2hproducts_plan_id_3a28263b; Type: INDEX; Schema: public; Owner: z2huser
--

CREATE INDEX app_z2hproducts_plan_id_3a28263b ON public.app_z2hproducts USING btree (plan_id);


--
-- Name: app_z2hproducts_sub_category_id_de834957; Type: INDEX; Schema: public; Owner: z2huser
--

CREATE INDEX app_z2hproducts_sub_category_id_de834957 ON public.app_z2hproducts USING btree (sub_category_id);


--
-- Name: app_z2hproductsubcategories_category_id_096ebc0c; Type: INDEX; Schema: public; Owner: z2huser
--

CREATE INDEX app_z2hproductsubcategories_category_id_096ebc0c ON public.app_z2hproductsubcategories USING btree (category_id);


--
-- Name: auth_group_name_a6ea08ec_like; Type: INDEX; Schema: public; Owner: z2huser
--

CREATE INDEX auth_group_name_a6ea08ec_like ON public.auth_group USING btree (name varchar_pattern_ops);


--
-- Name: auth_group_permissions_group_id_b120cbf9; Type: INDEX; Schema: public; Owner: z2huser
--

CREATE INDEX auth_group_permissions_group_id_b120cbf9 ON public.auth_group_permissions USING btree (group_id);


--
-- Name: auth_group_permissions_permission_id_84c5c92e; Type: INDEX; Schema: public; Owner: z2huser
--

CREATE INDEX auth_group_permissions_permission_id_84c5c92e ON public.auth_group_permissions USING btree (permission_id);


--
-- Name: auth_permission_content_type_id_2f476e4b; Type: INDEX; Schema: public; Owner: z2huser
--

CREATE INDEX auth_permission_content_type_id_2f476e4b ON public.auth_permission USING btree (content_type_id);


--
-- Name: authtoken_token_key_10f0b77e_like; Type: INDEX; Schema: public; Owner: z2huser
--

CREATE INDEX authtoken_token_key_10f0b77e_like ON public.authtoken_token USING btree (key varchar_pattern_ops);


--
-- Name: django_admin_log_content_type_id_c4bce8eb; Type: INDEX; Schema: public; Owner: z2huser
--

CREATE INDEX django_admin_log_content_type_id_c4bce8eb ON public.django_admin_log USING btree (content_type_id);


--
-- Name: django_admin_log_user_id_c564eba6; Type: INDEX; Schema: public; Owner: z2huser
--

CREATE INDEX django_admin_log_user_id_c564eba6 ON public.django_admin_log USING btree (user_id);


--
-- Name: django_dramatiq_task_updated_at_bb623596; Type: INDEX; Schema: public; Owner: z2huser
--

CREATE INDEX django_dramatiq_task_updated_at_bb623596 ON public.django_dramatiq_task USING btree (updated_at);


--
-- Name: django_session_expire_date_a5c62663; Type: INDEX; Schema: public; Owner: z2huser
--

CREATE INDEX django_session_expire_date_a5c62663 ON public.django_session USING btree (expire_date);


--
-- Name: django_session_session_key_c0390e0f_like; Type: INDEX; Schema: public; Owner: z2huser
--

CREATE INDEX django_session_session_key_c0390e0f_like ON public.django_session USING btree (session_key varchar_pattern_ops);


--
-- Name: user_registeruser_district_id_861e63f5; Type: INDEX; Schema: public; Owner: z2huser
--

CREATE INDEX user_registeruser_district_id_861e63f5 ON public.user_registeruser USING btree (district_id);


--
-- Name: user_registeruser_mobile_number_6ead09ff_like; Type: INDEX; Schema: public; Owner: z2huser
--

CREATE INDEX user_registeruser_mobile_number_6ead09ff_like ON public.user_registeruser USING btree (mobile_number varchar_pattern_ops);


--
-- Name: user_registeruser_referred_by_id_ac7a7214; Type: INDEX; Schema: public; Owner: z2huser
--

CREATE INDEX user_registeruser_referred_by_id_ac7a7214 ON public.user_registeruser USING btree (referred_by_id);


--
-- Name: user_registeruser_role_id_89b2019d; Type: INDEX; Schema: public; Owner: z2huser
--

CREATE INDEX user_registeruser_role_id_89b2019d ON public.user_registeruser USING btree (role_id);


--
-- Name: user_z2hcustomers_referrer_id_a6461997; Type: INDEX; Schema: public; Owner: z2huser
--

CREATE INDEX user_z2hcustomers_referrer_id_a6461997 ON public.user_z2hcustomers USING btree (referrer_id);


--
-- Name: user_z2hcustomers_user_id_e2fde95c; Type: INDEX; Schema: public; Owner: z2huser
--

CREATE INDEX user_z2hcustomers_user_id_e2fde95c ON public.user_z2hcustomers USING btree (user_id);


--
-- Name: user_z2huser_email_4dc5df6e_like; Type: INDEX; Schema: public; Owner: z2huser
--

CREATE INDEX user_z2huser_email_4dc5df6e_like ON public.user_z2huser USING btree (email varchar_pattern_ops);


--
-- Name: user_z2huser_groups_group_id_ab045ea7; Type: INDEX; Schema: public; Owner: z2huser
--

CREATE INDEX user_z2huser_groups_group_id_ab045ea7 ON public.user_z2huser_groups USING btree (group_id);


--
-- Name: user_z2huser_groups_z2huser_id_8de61b31; Type: INDEX; Schema: public; Owner: z2huser
--

CREATE INDEX user_z2huser_groups_z2huser_id_8de61b31 ON public.user_z2huser_groups USING btree (z2huser_id);


--
-- Name: user_z2huser_user_permissions_permission_id_3d14b2e3; Type: INDEX; Schema: public; Owner: z2huser
--

CREATE INDEX user_z2huser_user_permissions_permission_id_3d14b2e3 ON public.user_z2huser_user_permissions USING btree (permission_id);


--
-- Name: user_z2huser_user_permissions_z2huser_id_f342d3c4; Type: INDEX; Schema: public; Owner: z2huser
--

CREATE INDEX user_z2huser_user_permissions_z2huser_id_f342d3c4 ON public.user_z2huser_user_permissions USING btree (z2huser_id);


--
-- Name: utils_district_state_id_aa42ab25; Type: INDEX; Schema: public; Owner: z2huser
--

CREATE INDEX utils_district_state_id_aa42ab25 ON public.utils_district USING btree (state_id);


--
-- Name: app_z2horderitems app_z2horderitems_order_id_812601c8_fk_app_z2horders_id; Type: FK CONSTRAINT; Schema: public; Owner: z2huser
--

ALTER TABLE ONLY public.app_z2horderitems
    ADD CONSTRAINT app_z2horderitems_order_id_812601c8_fk_app_z2horders_id FOREIGN KEY (order_id) REFERENCES public.app_z2horders(id) DEFERRABLE INITIALLY DEFERRED;


--
-- Name: app_z2horderitems app_z2horderitems_product_id_711325c6_fk_app_z2hproducts_id; Type: FK CONSTRAINT; Schema: public; Owner: z2huser
--

ALTER TABLE ONLY public.app_z2horderitems
    ADD CONSTRAINT app_z2horderitems_product_id_711325c6_fk_app_z2hproducts_id FOREIGN KEY (product_id) REFERENCES public.app_z2hproducts(id) DEFERRABLE INITIALLY DEFERRED;


--
-- Name: app_z2horders app_z2horders_customer_id_8b9f5abf_fk_user_z2hcustomers_id; Type: FK CONSTRAINT; Schema: public; Owner: z2huser
--

ALTER TABLE ONLY public.app_z2horders
    ADD CONSTRAINT app_z2horders_customer_id_8b9f5abf_fk_user_z2hcustomers_id FOREIGN KEY (customer_id) REFERENCES public.user_z2hcustomers(id) DEFERRABLE INITIALLY DEFERRED;


--
-- Name: app_z2horders app_z2horders_ordered_by_id_06ebddcb_fk_user_z2huser_id; Type: FK CONSTRAINT; Schema: public; Owner: z2huser
--

ALTER TABLE ONLY public.app_z2horders
    ADD CONSTRAINT app_z2horders_ordered_by_id_06ebddcb_fk_user_z2huser_id FOREIGN KEY (ordered_by_id) REFERENCES public.user_z2huser(id) DEFERRABLE INITIALLY DEFERRED;


--
-- Name: app_z2hproductimages app_z2hproductimages_product_id_b421d3ea_fk_app_z2hproducts_id; Type: FK CONSTRAINT; Schema: public; Owner: z2huser
--

ALTER TABLE ONLY public.app_z2hproductimages
    ADD CONSTRAINT app_z2hproductimages_product_id_b421d3ea_fk_app_z2hproducts_id FOREIGN KEY (product_id) REFERENCES public.app_z2hproducts(id) DEFERRABLE INITIALLY DEFERRED;


--
-- Name: app_z2hproducts app_z2hproducts_plan_id_3a28263b_fk_app_z2hplandetails_id; Type: FK CONSTRAINT; Schema: public; Owner: z2huser
--

ALTER TABLE ONLY public.app_z2hproducts
    ADD CONSTRAINT app_z2hproducts_plan_id_3a28263b_fk_app_z2hplandetails_id FOREIGN KEY (plan_id) REFERENCES public.app_z2hplandetails(id) DEFERRABLE INITIALLY DEFERRED;


--
-- Name: app_z2hproducts app_z2hproducts_sub_category_id_de834957_fk_app_z2hpr; Type: FK CONSTRAINT; Schema: public; Owner: z2huser
--

ALTER TABLE ONLY public.app_z2hproducts
    ADD CONSTRAINT app_z2hproducts_sub_category_id_de834957_fk_app_z2hpr FOREIGN KEY (sub_category_id) REFERENCES public.app_z2hproductsubcategories(id) DEFERRABLE INITIALLY DEFERRED;


--
-- Name: app_z2hproductsubcategories app_z2hproductsubcat_category_id_096ebc0c_fk_app_z2hpr; Type: FK CONSTRAINT; Schema: public; Owner: z2huser
--

ALTER TABLE ONLY public.app_z2hproductsubcategories
    ADD CONSTRAINT app_z2hproductsubcat_category_id_096ebc0c_fk_app_z2hpr FOREIGN KEY (category_id) REFERENCES public.app_z2hproductcategories(id) DEFERRABLE INITIALLY DEFERRED;


--
-- Name: auth_group_permissions auth_group_permissio_permission_id_84c5c92e_fk_auth_perm; Type: FK CONSTRAINT; Schema: public; Owner: z2huser
--

ALTER TABLE ONLY public.auth_group_permissions
    ADD CONSTRAINT auth_group_permissio_permission_id_84c5c92e_fk_auth_perm FOREIGN KEY (permission_id) REFERENCES public.auth_permission(id) DEFERRABLE INITIALLY DEFERRED;


--
-- Name: auth_group_permissions auth_group_permissions_group_id_b120cbf9_fk_auth_group_id; Type: FK CONSTRAINT; Schema: public; Owner: z2huser
--

ALTER TABLE ONLY public.auth_group_permissions
    ADD CONSTRAINT auth_group_permissions_group_id_b120cbf9_fk_auth_group_id FOREIGN KEY (group_id) REFERENCES public.auth_group(id) DEFERRABLE INITIALLY DEFERRED;


--
-- Name: auth_permission auth_permission_content_type_id_2f476e4b_fk_django_co; Type: FK CONSTRAINT; Schema: public; Owner: z2huser
--

ALTER TABLE ONLY public.auth_permission
    ADD CONSTRAINT auth_permission_content_type_id_2f476e4b_fk_django_co FOREIGN KEY (content_type_id) REFERENCES public.django_content_type(id) DEFERRABLE INITIALLY DEFERRED;


--
-- Name: authtoken_token authtoken_token_user_id_35299eff_fk_user_z2huser_id; Type: FK CONSTRAINT; Schema: public; Owner: z2huser
--

ALTER TABLE ONLY public.authtoken_token
    ADD CONSTRAINT authtoken_token_user_id_35299eff_fk_user_z2huser_id FOREIGN KEY (user_id) REFERENCES public.user_z2huser(id) DEFERRABLE INITIALLY DEFERRED;


--
-- Name: django_admin_log django_admin_log_content_type_id_c4bce8eb_fk_django_co; Type: FK CONSTRAINT; Schema: public; Owner: z2huser
--

ALTER TABLE ONLY public.django_admin_log
    ADD CONSTRAINT django_admin_log_content_type_id_c4bce8eb_fk_django_co FOREIGN KEY (content_type_id) REFERENCES public.django_content_type(id) DEFERRABLE INITIALLY DEFERRED;


--
-- Name: django_admin_log django_admin_log_user_id_c564eba6_fk_user_z2huser_id; Type: FK CONSTRAINT; Schema: public; Owner: z2huser
--

ALTER TABLE ONLY public.django_admin_log
    ADD CONSTRAINT django_admin_log_user_id_c564eba6_fk_user_z2huser_id FOREIGN KEY (user_id) REFERENCES public.user_z2huser(id) DEFERRABLE INITIALLY DEFERRED;


--
-- Name: user_registeruser user_registeruser_district_id_861e63f5_fk_utils_district_id; Type: FK CONSTRAINT; Schema: public; Owner: z2huser
--

ALTER TABLE ONLY public.user_registeruser
    ADD CONSTRAINT user_registeruser_district_id_861e63f5_fk_utils_district_id FOREIGN KEY (district_id) REFERENCES public.utils_district(id) DEFERRABLE INITIALLY DEFERRED;


--
-- Name: user_registeruser user_registeruser_referred_by_id_ac7a7214_fk_user_z2hc; Type: FK CONSTRAINT; Schema: public; Owner: z2huser
--

ALTER TABLE ONLY public.user_registeruser
    ADD CONSTRAINT user_registeruser_referred_by_id_ac7a7214_fk_user_z2hc FOREIGN KEY (referred_by_id) REFERENCES public.user_z2hcustomers(id) DEFERRABLE INITIALLY DEFERRED;


--
-- Name: user_registeruser user_registeruser_role_id_89b2019d_fk_user_role_id; Type: FK CONSTRAINT; Schema: public; Owner: z2huser
--

ALTER TABLE ONLY public.user_registeruser
    ADD CONSTRAINT user_registeruser_role_id_89b2019d_fk_user_role_id FOREIGN KEY (role_id) REFERENCES public.user_role(id) DEFERRABLE INITIALLY DEFERRED;


--
-- Name: user_registeruser user_registeruser_user_id_8ad6eeec_fk_user_z2huser_id; Type: FK CONSTRAINT; Schema: public; Owner: z2huser
--

ALTER TABLE ONLY public.user_registeruser
    ADD CONSTRAINT user_registeruser_user_id_8ad6eeec_fk_user_z2huser_id FOREIGN KEY (user_id) REFERENCES public.user_z2huser(id) DEFERRABLE INITIALLY DEFERRED;


--
-- Name: user_z2hcustomers user_z2hcustomers_referrer_id_a6461997_fk_user_z2hcustomers_id; Type: FK CONSTRAINT; Schema: public; Owner: z2huser
--

ALTER TABLE ONLY public.user_z2hcustomers
    ADD CONSTRAINT user_z2hcustomers_referrer_id_a6461997_fk_user_z2hcustomers_id FOREIGN KEY (referrer_id) REFERENCES public.user_z2hcustomers(id) DEFERRABLE INITIALLY DEFERRED;


--
-- Name: user_z2hcustomers user_z2hcustomers_user_id_e2fde95c_fk_user_z2huser_id; Type: FK CONSTRAINT; Schema: public; Owner: z2huser
--

ALTER TABLE ONLY public.user_z2hcustomers
    ADD CONSTRAINT user_z2hcustomers_user_id_e2fde95c_fk_user_z2huser_id FOREIGN KEY (user_id) REFERENCES public.user_z2huser(id) DEFERRABLE INITIALLY DEFERRED;


--
-- Name: user_z2huser_groups user_z2huser_groups_group_id_ab045ea7_fk_auth_group_id; Type: FK CONSTRAINT; Schema: public; Owner: z2huser
--

ALTER TABLE ONLY public.user_z2huser_groups
    ADD CONSTRAINT user_z2huser_groups_group_id_ab045ea7_fk_auth_group_id FOREIGN KEY (group_id) REFERENCES public.auth_group(id) DEFERRABLE INITIALLY DEFERRED;


--
-- Name: user_z2huser_groups user_z2huser_groups_z2huser_id_8de61b31_fk_user_z2huser_id; Type: FK CONSTRAINT; Schema: public; Owner: z2huser
--

ALTER TABLE ONLY public.user_z2huser_groups
    ADD CONSTRAINT user_z2huser_groups_z2huser_id_8de61b31_fk_user_z2huser_id FOREIGN KEY (z2huser_id) REFERENCES public.user_z2huser(id) DEFERRABLE INITIALLY DEFERRED;


--
-- Name: user_z2huser_user_permissions user_z2huser_user_pe_permission_id_3d14b2e3_fk_auth_perm; Type: FK CONSTRAINT; Schema: public; Owner: z2huser
--

ALTER TABLE ONLY public.user_z2huser_user_permissions
    ADD CONSTRAINT user_z2huser_user_pe_permission_id_3d14b2e3_fk_auth_perm FOREIGN KEY (permission_id) REFERENCES public.auth_permission(id) DEFERRABLE INITIALLY DEFERRED;


--
-- Name: user_z2huser_user_permissions user_z2huser_user_pe_z2huser_id_f342d3c4_fk_user_z2hu; Type: FK CONSTRAINT; Schema: public; Owner: z2huser
--

ALTER TABLE ONLY public.user_z2huser_user_permissions
    ADD CONSTRAINT user_z2huser_user_pe_z2huser_id_f342d3c4_fk_user_z2hu FOREIGN KEY (z2huser_id) REFERENCES public.user_z2huser(id) DEFERRABLE INITIALLY DEFERRED;


--
-- Name: utils_district utils_district_state_id_aa42ab25_fk_utils_state_id; Type: FK CONSTRAINT; Schema: public; Owner: z2huser
--

ALTER TABLE ONLY public.utils_district
    ADD CONSTRAINT utils_district_state_id_aa42ab25_fk_utils_state_id FOREIGN KEY (state_id) REFERENCES public.utils_state(id) DEFERRABLE INITIALLY DEFERRED;


--
-- PostgreSQL database dump complete
--

